{
  "source": "ToYou",
  "endpoint": "search_merchants",
  "method": "GET",
  "timestamp": "2025-10-24T12:27:13.510Z",
  "status_code": 200,
  "request": {
    "params": {
      "lat": 24.59698204691336,
      "lon": 46.67515633316089,
      "query": "Crispsh",
      "operationArea": "SA_Riyadh"
    },
    "url": "https://app.toyou.delivery/search/v12/c3-search",
    "query": "Crispsh"
  },
  "response": {
    "c3": {
      "blocks": [
        {
          "id": "c6285488-ae05-47cc-be5d-793f7e6ea6d8",
          "kind": "SCROLL",
          "background": "#ffffff",
          "itemHeight": {
            "absolute": 36
          },
          "alwaysStaysOnTop": true,
          "items": [
            {
              "id": "643d1109-2706-4bd4-b14d-09c702faa371",
              "kind": "CAPSULE",
              "action": "https://app.toyou.delivery/c3/scrollToBlock?targetKind=SELECT_SEARCH_RESULT_TAB&targetSubKind=MERCHANTS&blockId=af501ca8-e120-4d17-a1b9-703f5871c59c",
              "background": {
                "color": "#EDF7EE",
                "cornerRadius": 12,
                "border": {
                  "color": "#F1F2F4",
                  "width": 1
                }
              },
              "state": "SELECTED",
              "text": {
                "text": "Merchants (3)",
                "color": "#2D3239",
                "numberOfLines": 1,
                "alignment": "LEADING",
                "style": "BODY_MEDIUM"
              },
              "selection": {
                "backgroundColor": "#7BC580",
                "textColor": "#FFFFFF"
              }
            },
            {
              "id": "5f948114-7f3b-4462-b6c2-a93e8050f151",
              "kind": "CAPSULE",
              "action": "https://app.toyou.delivery/c3/scrollToBlock?targetKind=SELECT_SEARCH_RESULT_TAB&targetSubKind=PRODUCTS&blockId=8afdd958-335b-473c-b5f9-10b5998b147b",
              "background": {
                "color": "#EDF7EE",
                "cornerRadius": 12,
                "border": {
                  "color": "#F1F2F4",
                  "width": 1
                }
              },
              "state": null,
              "text": {
                "text": "Products (1168)",
                "color": "#2D3239",
                "numberOfLines": 1,
                "alignment": "LEADING",
                "style": "BODY_MEDIUM"
              },
              "selection": {
                "backgroundColor": "#7BC580",
                "textColor": "#FFFFFF"
              }
            }
          ]
        },
        {
          "id": "af501ca8-e120-4d17-a1b9-703f5871c59c",
          "kind": "TITLE",
          "text": {
            "color": "#2D3239",
            "text": "Merchants",
            "style": "HEADLINE_MEDIUM",
            "alignment": "LEADING"
          }
        },
        {
          "id": "17891790-d222-4dd0-a5fc-16017d5a0643",
          "kind": "GRID",
          "background": "#ffffff",
          "itemHeight": "AUTOMATIC",
          "columns": 1,
          "items": [
            {
              "id": "015b8f2f-f42b-4846-b6e6-82d7c7727fac",
              "kind": "MERCHANT",
              "action": "https://app.toyou.delivery/catalog/merchant?targetKind=OPEN_MERCHANT&targetSubKind=REGULAR_MERCHANT_PRODUCTS&targetId=c7e143ee-a929-4cd2-b99a-2757147eb506&merchantId=c7e143ee-a929-4cd2-b99a-2757147eb506",
              "merchant": {
                "uiKind": "COMPACT_NON_CUSTOMIZABLE",
                "id": "c7e143ee-a929-4cd2-b99a-2757147eb506",
                "name": "Crisper",
                "rating": 4.543685645063597,
                "backgroundImage": "https://res.cloudinary.com/dglgkomis/image/upload/v1746048927/merchants/zqprktbv8bqwckgcqnzo.jpg",
                "logoImage": "https://res.cloudinary.com/dglgkomis/image/upload/v1747918550/merchants/v4egehpifd460ed3wp8k.jpg",
                "isOnlyScheduledOrders": false,
                "isClosed": false,
                "delivery": {
                  "distance": 22859.35183763962,
                  "etaMin": 3240,
                  "etaMax": 3960
                },
                "fees": {
                  "currency": "SAR",
                  "delivery": 43
                },
                "subscription": {
                  "available": [
                    {
                      "color": "#003462",
                      "name": "Premium"
                    }
                  ]
                },
                "loyaltyRewardInfo": {
                  "loyaltyLevel": "TIER_2",
                  "points": "14",
                  "pointsPerSarValue": 14,
                  "pointsBadgeDescription": "per SAR"
                },
                "promoLabels": [
                  {
                    "text": {
                      "text": "Up to 20% Off",
                      "numberOfLines": 1,
                      "alignment": "CENTER",
                      "color": "#FFFFFF",
                      "size": 12,
                      "weight": "MEDIUM",
                      "style": "BODY_MEDIUM"
                    },
                    "background": {
                      "color": "#F83373",
                      "border": {
                        "color": "#F83373",
                        "width": 1.2
                      },
                      "cornerRadius": 5
                    }
                  }
                ]
              },
              "analyticsData": {
                "sectionProperties": {
                  "section": "MERCHANT",
                  "position": 0
                }
              },
              "digital": false
            },
            {
              "id": "4752f5a6-1742-4988-adec-be5a7ff4a2f8",
              "kind": "MERCHANT",
              "action": "https://app.toyou.delivery/catalog/merchant?targetKind=OPEN_MERCHANT&targetSubKind=REGULAR_MERCHANT_PRODUCTS&targetId=431769f7-f367-47d6-86b8-7656de701060&merchantId=431769f7-f367-47d6-86b8-7656de701060",
              "merchant": {
                "uiKind": "COMPACT_NON_CUSTOMIZABLE",
                "id": "431769f7-f367-47d6-86b8-7656de701060",
                "name": "Crispish",
                "rating": 4.547685595473444,
                "backgroundImage": "https://res.cloudinary.com/dglgkomis/image/upload/v1751379773/merchants/iansqg9klmw5fnjfgb47.jpg",
                "logoImage": "https://res.cloudinary.com/dglgkomis/image/upload/v1654768681/merchants/ugcovp4b8qrhg8wq6wbg.jpg",
                "isOnlyScheduledOrders": false,
                "isClosed": false,
                "delivery": {
                  "distance": 2691.5608029708246,
                  "etaMin": 2280,
                  "etaMax": 2640
                },
                "fees": {
                  "currency": "SAR",
                  "delivery": 16,
                  "deliveryDiscounted": 0,
                  "deliveryDiscountName": "Free Delivery with promo code"
                },
                "subscription": {
                  "available": [
                    {
                      "color": "#003462",
                      "name": "Premium"
                    },
                    {
                      "color": "#00FFEB",
                      "name": "Essentials"
                    }
                  ]
                },
                "loyaltyRewardInfo": {
                  "loyaltyLevel": "TIER_2",
                  "points": "13",
                  "pointsPerSarValue": 13,
                  "pointsBadgeDescription": "per SAR"
                }
              },
              "analyticsData": {
                "sectionProperties": {
                  "section": "MERCHANT",
                  "position": 1
                }
              },
              "digital": false
            },
            {
              "id": "5620964d-d5ab-4bb3-8729-9fa07683862d",
              "kind": "MERCHANT",
              "action": "https://app.toyou.delivery/catalog/merchant?targetKind=OPEN_MERCHANT&targetSubKind=REGULAR_MERCHANT_PRODUCTS&targetId=97a0ec7d-91b4-41ce-b4d1-7d5d43b5b4b0&merchantId=97a0ec7d-91b4-41ce-b4d1-7d5d43b5b4b0",
              "merchant": {
                "uiKind": "COMPACT_NON_CUSTOMIZABLE",
                "id": "97a0ec7d-91b4-41ce-b4d1-7d5d43b5b4b0",
                "name": "Just Crispy",
                "rating": 4.393700787401583,
                "backgroundImage": "https://res.cloudinary.com/dglgkomis/image/upload/v1670925819/merchants/rxvovql7nsnf5h3ladbe.jpg",
                "logoImage": "https://res.cloudinary.com/dglgkomis/image/upload/v1670925816/merchants/yw2bbdv8nixoyjinrrgq.jpg",
                "isOnlyScheduledOrders": false,
                "isClosed": false,
                "delivery": {
                  "distance": 8833.391198159377,
                  "etaMin": 3000,
                  "etaMax": 3720
                },
                "fees": {
                  "currency": "SAR",
                  "delivery": 26
                },
                "subscription": {
                  "available": [
                    {
                      "color": "#003462",
                      "name": "Premium"
                    }
                  ]
                },
                "loyaltyRewardInfo": {
                  "loyaltyLevel": "TIER_2",
                  "points": "13",
                  "pointsPerSarValue": 13,
                  "pointsBadgeDescription": "per SAR"
                }
              },
              "analyticsData": {
                "sectionProperties": {
                  "section": "MERCHANT",
                  "position": 2
                }
              },
              "digital": false
            }
          ]
        },
        {
          "id": "8afdd958-335b-473c-b5f9-10b5998b147b",
          "kind": "TITLE",
          "text": {
            "color": "#2D3239",
            "text": "Products",
            "style": "HEADLINE_MEDIUM",
            "alignment": "LEADING"
          }
        },
        {
          "id": "6093cf9f-b2d8-446e-9725-728758aa47bb",
          "kind": "GRID",
          "background": "#ffffff",
          "itemHeight": "AUTOMATIC",
          "columns": 1,
          "items": [
            {
              "id": "f47e9ed4-c63e-4ced-9b75-ab83332e16e6",
              "kind": "MERCHANT",
              "action": "https://app.toyou.delivery/catalog/merchant?targetKind=OPEN_MERCHANT&targetSubKind=REGULAR_MERCHANT_PRODUCTS&targetId=ff4323b8-ae2d-44f0-9b47-baa34b8deba1&merchantId=ff4323b8-ae2d-44f0-9b47-baa34b8deba1",
              "merchant": {
                "uiKind": "LITE",
                "id": "ff4323b8-ae2d-44f0-9b47-baa34b8deba1",
                "name": "Shake It",
                "rating": 4.775956284153009,
                "backgroundImage": "https://res.cloudinary.com/dglgkomis/image/upload/v1720533494/merchants/op8jevokamqcaq43srbq.jpg",
                "logoImage": "https://res.cloudinary.com/dglgkomis/image/upload/v1719744957/merchants/gkj3pxsk3svljdvzpibh.jpg",
                "isOnlyScheduledOrders": false,
                "isClosed": false,
                "delivery": {
                  "distance": 12342.888330038406,
                  "etaMin": 2820,
                  "etaMax": 3360
                },
                "fees": {
                  "currency": "SAR",
                  "delivery": 30,
                  "deliveryDiscounted": 0,
                  "deliveryDiscountName": "Free Delivery with promo code"
                },
                "subscription": {
                  "available": [
                    {
                      "color": "#003462",
                      "name": "Premium"
                    },
                    {
                      "color": "#00FFEB",
                      "name": "Essentials"
                    }
                  ]
                },
                "loyaltyRewardInfo": {
                  "loyaltyLevel": "TIER_2",
                  "points": "12",
                  "pointsPerSarValue": 12,
                  "pointsBadgeDescription": "per SAR"
                }
              },
              "analyticsData": {
                "sectionProperties": {
                  "section": "PRODUCT",
                  "position": 0
                }
              },
              "digital": false
            }
          ]
        },
        {
          "id": "ef5f3711-f281-4344-a7ae-f319ede22fdb",
          "kind": "SCROLL",
          "background": "#ffffff",
          "visibleCount": 3.3,
          "items": [
            {
              "id": "32bcbc98-8a19-4643-bc0b-8690741d79a9",
              "kind": "PRODUCT",
              "action": "https://app.toyou.delivery/catalog/product?targetKind=OPEN_PRODUCT&targetSubKind=REGULAR_PRODUCT&targetId=29f6fbcb-65b4-4022-af90-0ddec1cb35c7&productId=29f6fbcb-65b4-4022-af90-0ddec1cb35c7",
              "product": {
                "id": "29f6fbcb-65b4-4022-af90-0ddec1cb35c7",
                "favoriteShown": true,
                "image": "https://res.cloudinary.com/dglgkomis/image/upload/v1724017780/products/product-29f6fbcb-65b4-4022-af90-0ddec1cb35c7/rorrudd4xpzptbrguibo.jpg",
                "uiKind": "BLOCK",
                "name": {
                  "style": "BODY_MEDIUM",
                  "text": "12 Sliders Crispy Chicken",
                  "numberOfLines": 2,
                  "alignment": "LEADING"
                },
                "note": {
                  "style": "BODY_SMALL",
                  "text": "Shake It sliders box it is a box of 12 pcs crispy chicken sliders, served with 3 types of dips chili ketchup, garlic mayo, and cocktail\n\n(2736 calories)",
                  "numberOfLines": 2,
                  "alignment": "LEADING"
                },
                "availability": "AVAILABLE",
                "price": {
                  "value": 99,
                  "currency": "SAR"
                },
                "actionButton": {
                  "cartParameters": {
                    "priceUnknown": false
                  },
                  "kind": "ADD_TO_CART",
                  "action": "https://app.toyou.delivery/c3/addProductToCart?targetKind=ADD_TO_CART&targetSubKind=PRODUCT&targetId=29f6fbcb-65b4-4022-af90-0ddec1cb35c7&productId=29f6fbcb-65b4-4022-af90-0ddec1cb35c7&merchantId=ff4323b8-ae2d-44f0-9b47-baa34b8deba1"
                },
                "isPrepaymentRequired": false,
                "digital": false
              },
              "analyticsData": {
                "sectionProperties": {
                  "section": "PRODUCT",
                  "position": 1
                }
              }
            },
            {
              "id": "0e87cb50-b145-45d1-b0ba-7823b0c89777",
              "kind": "PRODUCT",
              "action": "https://app.toyou.delivery/catalog/product?targetKind=OPEN_PRODUCT&targetSubKind=REGULAR_PRODUCT&targetId=e625d176-1438-46f0-b6e7-9bdf74074978&productId=e625d176-1438-46f0-b6e7-9bdf74074978",
              "product": {
                "id": "e625d176-1438-46f0-b6e7-9bdf74074978",
                "favoriteShown": true,
                "image": "https://res.cloudinary.com/dglgkomis/image/upload/v1720608560/products/product-e625d176-1438-46f0-b6e7-9bdf74074978/nk3rrgjmmwud29qbr1if.jpg",
                "uiKind": "BLOCK",
                "name": {
                  "style": "BODY_MEDIUM",
                  "text": "3 Pcs Grilled Veal Burger & 3 Pcs Crispy Chicken Burger",
                  "numberOfLines": 2,
                  "alignment": "LEADING"
                },
                "note": {
                  "style": "BODY_SMALL",
                  "text": "Shake It box it is a box of 3 crispy chicken burgers, and 3 grilled local veal burgers, with fresh fries, and in addition to 3 types of Shake it sauces hot ketchup, mayonnaise with garlic, and cocktail",
                  "numberOfLines": 2,
                  "alignment": "LEADING"
                },
                "availability": "AVAILABLE",
                "price": {
                  "value": 128,
                  "currency": "SAR"
                },
                "actionButton": {
                  "cartParameters": {
                    "priceUnknown": false
                  },
                  "kind": "ADD_TO_CART",
                  "action": "https://app.toyou.delivery/c3/addProductToCart?targetKind=ADD_TO_CART&targetSubKind=PRODUCT&targetId=e625d176-1438-46f0-b6e7-9bdf74074978&productId=e625d176-1438-46f0-b6e7-9bdf74074978&merchantId=ff4323b8-ae2d-44f0-9b47-baa34b8deba1"
                },
                "isPrepaymentRequired": false,
                "digital": false
              },
              "analyticsData": {
                "sectionProperties": {
                  "section": "PRODUCT",
                  "position": 2
                }
              }
            },
            {
              "id": "190e6182-3442-4280-b204-26ce1e01cc94",
              "kind": "PRODUCT",
              "action": "https://app.toyou.delivery/catalog/product?targetKind=OPEN_PRODUCT&targetSubKind=REGULAR_PRODUCT&targetId=9fa425e8-6624-4937-ba5d-aaa983691517&productId=9fa425e8-6624-4937-ba5d-aaa983691517",
              "product": {
                "id": "9fa425e8-6624-4937-ba5d-aaa983691517",
                "favoriteShown": true,
                "image": "https://res.cloudinary.com/dglgkomis/image/upload/v1720608755/products/product-9fa425e8-6624-4937-ba5d-aaa983691517/mcrnaagrlxa9rf33xqhv.jpg",
                "uiKind": "BLOCK",
                "name": {
                  "style": "BODY_MEDIUM",
                  "text": "6 Sliders Crispy Chicken & 6 Sliders Grilled Veal",
                  "numberOfLines": 2,
                  "alignment": "LEADING"
                },
                "note": {
                  "style": "BODY_SMALL",
                  "text": "Shake It box it is a box of 6 crispy chicken sliders, and 6 grilled local veal, and in addition to 3 types of Shake it sauces hot ketchup, mayonnaise with garlic, and cocktail",
                  "numberOfLines": 2,
                  "alignment": "LEADING"
                },
                "availability": "AVAILABLE",
                "price": {
                  "value": 99,
                  "currency": "SAR"
                },
                "actionButton": {
                  "cartParameters": {
                    "priceUnknown": false
                  },
                  "kind": "ADD_TO_CART",
                  "action": "https://app.toyou.delivery/c3/addProductToCart?targetKind=ADD_TO_CART&targetSubKind=PRODUCT&targetId=9fa425e8-6624-4937-ba5d-aaa983691517&productId=9fa425e8-6624-4937-ba5d-aaa983691517&merchantId=ff4323b8-ae2d-44f0-9b47-baa34b8deba1",
                  "context": {
                    "merchantId": "ff4323b8-ae2d-44f0-9b47-baa34b8deba1",
                    "name": "6 Sliders Crispy Chicken & 6 Sliders Grilled Veal",
                    "options": [
                      {
                        "id": "602650",
                        "name": "How would you like your order?",
                        "values": [
                          {
                            "id": "2395467",
                            "name": "6 sliders crispy chicken & 6 sliders grilled veal",
                            "price": 0,
                            "availabilityStatus": "AVAILABLE"
                          },
                          {
                            "id": "2395468",
                            "name": "12 sliders crispy chicken",
                            "price": 0,
                            "availabilityStatus": "AVAILABLE"
                          },
                          {
                            "id": "2395469",
                            "name": "12 sliders grilled veal",
                            "price": 0,
                            "availabilityStatus": "AVAILABLE"
                          }
                        ],
                        "minTotalOptionValueQuantity": 1,
                        "maxTotalOptionValueQuantity": 1,
                        "enableOptionValueQuantity": false
                      }
                    ],
                    "price": 99,
                    "currency": "SAR",
                    "image": "https://res.cloudinary.com/dglgkomis/image/upload/v1720608755/products/product-9fa425e8-6624-4937-ba5d-aaa983691517/mcrnaagrlxa9rf33xqhv.jpg",
                    "availabilityStatus": "AVAILABLE"
                  }
                },
                "isPrepaymentRequired": false,
                "digital": false
              },
              "analyticsData": {
                "sectionProperties": {
                  "section": "PRODUCT",
                  "position": 3
                }
              }
            },
            {
              "id": "4bdd457d-a5c8-4395-bf3f-f3976c88bb9e",
              "kind": "PRODUCT",
              "action": "https://app.toyou.delivery/catalog/product?targetKind=OPEN_PRODUCT&targetSubKind=REGULAR_PRODUCT&targetId=55bab7f8-6ec7-4b2b-9670-2d0a21db5e87&productId=55bab7f8-6ec7-4b2b-9670-2d0a21db5e87",
              "product": {
                "id": "55bab7f8-6ec7-4b2b-9670-2d0a21db5e87",
                "favoriteShown": true,
                "image": "https://res.cloudinary.com/dglgkomis/image/upload/v1720609006/products/product-55bab7f8-6ec7-4b2b-9670-2d0a21db5e87/fa1snbdnojp1trwccx5i.jpg",
                "uiKind": "BLOCK",
                "name": {
                  "style": "BODY_MEDIUM",
                  "text": "Cheesy Crispy Chicken Burger",
                  "numberOfLines": 2,
                  "alignment": "LEADING"
                },
                "note": {
                  "style": "BODY_SMALL",
                  "text": "Piece of crispy chicken breast stuffed with cheese, cooked using oils free of cholesterol and trans fats, served in fresh bread with a slice of cheese and lettuce, in addition to Shake It’s special white sauce\n\n(612 calories)",
                  "numberOfLines": 2,
                  "alignment": "LEADING"
                },
                "availability": "AVAILABLE",
                "price": {
                  "value": 29.7,
                  "currency": "SAR"
                },
                "actionButton": {
                  "cartParameters": {
                    "priceUnknown": false
                  },
                  "kind": "ADD_TO_CART",
                  "action": "https://app.toyou.delivery/c3/addProductToCart?targetKind=ADD_TO_CART&targetSubKind=PRODUCT&targetId=55bab7f8-6ec7-4b2b-9670-2d0a21db5e87&productId=55bab7f8-6ec7-4b2b-9670-2d0a21db5e87&merchantId=ff4323b8-ae2d-44f0-9b47-baa34b8deba1"
                },
                "isPrepaymentRequired": false,
                "digital": false
              },
              "analyticsData": {
                "sectionProperties": {
                  "section": "PRODUCT",
                  "position": 4
                }
              }
            },
            {
              "id": "fe656ab2-c622-41f2-bb43-0f3c72287447",
              "kind": "PRODUCT",
              "action": "https://app.toyou.delivery/catalog/product?targetKind=OPEN_PRODUCT&targetSubKind=REGULAR_PRODUCT&targetId=0f987826-806c-46e9-948f-533e4c2cc525&productId=0f987826-806c-46e9-948f-533e4c2cc525",
              "product": {
                "id": "0f987826-806c-46e9-948f-533e4c2cc525",
                "favoriteShown": true,
                "image": "https://res.cloudinary.com/dglgkomis/image/upload/v1720611612/products/product-0f987826-806c-46e9-948f-533e4c2cc525/fepw3pwtjrmkgy8kwcwn.jpg",
                "uiKind": "BLOCK",
                "name": {
                  "style": "BODY_MEDIUM",
                  "text": "Crispy Chicken Burger",
                  "numberOfLines": 2,
                  "alignment": "LEADING"
                },
                "note": {
                  "style": "BODY_SMALL",
                  "text": "Piece of crispy chicken breast is cooked using oils free of cholesterol and trans fats and served in fresh bread with a slice of cheese and lettuce, in addition to Shake It’s special white sauce\n\n(655 calories)",
                  "numberOfLines": 2,
                  "alignment": "LEADING"
                },
                "availability": "AVAILABLE",
                "price": {
                  "value": 27.5,
                  "currency": "SAR"
                },
                "actionButton": {
                  "cartParameters": {
                    "priceUnknown": false
                  },
                  "kind": "ADD_TO_CART",
                  "action": "https://app.toyou.delivery/c3/addProductToCart?targetKind=ADD_TO_CART&targetSubKind=PRODUCT&targetId=0f987826-806c-46e9-948f-533e4c2cc525&productId=0f987826-806c-46e9-948f-533e4c2cc525&merchantId=ff4323b8-ae2d-44f0-9b47-baa34b8deba1"
                },
                "isPrepaymentRequired": false,
                "digital": false
              },
              "analyticsData": {
                "sectionProperties": {
                  "section": "PRODUCT",
                  "position": 5
                }
              }
            },
            {
              "id": "e16d3775-69b5-4cbb-bcd3-9e0c1808f112",
              "kind": "PRODUCT",
              "action": "https://app.toyou.delivery/catalog/product?targetKind=OPEN_PRODUCT&targetSubKind=REGULAR_PRODUCT&targetId=3e3339ba-72b1-4574-bcc2-6c49ac6b0704&productId=3e3339ba-72b1-4574-bcc2-6c49ac6b0704",
              "product": {
                "id": "3e3339ba-72b1-4574-bcc2-6c49ac6b0704",
                "favoriteShown": true,
                "image": "https://res.cloudinary.com/dglgkomis/image/upload/v1724017824/products/product-3e3339ba-72b1-4574-bcc2-6c49ac6b0704/zk2gpg8xdziq5pvky6do.jpg",
                "uiKind": "BLOCK",
                "name": {
                  "style": "BODY_MEDIUM",
                  "text": "Crispy Chicken Burgers 6 Pcs",
                  "numberOfLines": 2,
                  "alignment": "LEADING"
                },
                "note": {
                  "style": "BODY_SMALL",
                  "text": "Shake It box it is a box of 6 crispy chicken burger, with fresh fries, and in addition to 3 types of Shake it sauces hot ketchup, mayonnaise with garlic , and cocktail",
                  "numberOfLines": 2,
                  "alignment": "LEADING"
                },
                "availability": "AVAILABLE",
                "price": {
                  "value": 125,
                  "currency": "SAR"
                },
                "actionButton": {
                  "cartParameters": {
                    "priceUnknown": false
                  },
                  "kind": "ADD_TO_CART",
                  "action": "https://app.toyou.delivery/c3/addProductToCart?targetKind=ADD_TO_CART&targetSubKind=PRODUCT&targetId=3e3339ba-72b1-4574-bcc2-6c49ac6b0704&productId=3e3339ba-72b1-4574-bcc2-6c49ac6b0704&merchantId=ff4323b8-ae2d-44f0-9b47-baa34b8deba1"
                },
                "isPrepaymentRequired": false,
                "digital": false
              },
              "analyticsData": {
                "sectionProperties": {
                  "section": "PRODUCT",
                  "position": 6
                }
              }
            },
            {
              "id": "9c398879-0377-403d-a86f-340fa9ad8743",
              "kind": "PRODUCT",
              "action": "https://app.toyou.delivery/catalog/product?targetKind=OPEN_PRODUCT&targetSubKind=REGULAR_PRODUCT&targetId=dd1a1dbf-bfb7-4c87-be2b-ee38c3d772b0&productId=dd1a1dbf-bfb7-4c87-be2b-ee38c3d772b0",
              "product": {
                "id": "dd1a1dbf-bfb7-4c87-be2b-ee38c3d772b0",
                "favoriteShown": true,
                "image": "https://res.cloudinary.com/dglgkomis/image/upload/v1724017726/products/product-dd1a1dbf-bfb7-4c87-be2b-ee38c3d772b0/qtz5sek7bisthzmx4tcn.jpg",
                "uiKind": "BLOCK",
                "name": {
                  "style": "BODY_MEDIUM",
                  "text": "Crispy Chicken Pops",
                  "numberOfLines": 2,
                  "alignment": "LEADING"
                },
                "note": {
                  "style": "BODY_SMALL",
                  "text": "Chicken pcs cooked with free cholesterol and trans fats oil,  served with your favorite choice of sauces\n\n(398 calories)",
                  "numberOfLines": 2,
                  "alignment": "LEADING"
                },
                "availability": "AVAILABLE",
                "price": {
                  "value": 14,
                  "currency": "SAR"
                },
                "actionButton": {
                  "cartParameters": {
                    "priceUnknown": false
                  },
                  "kind": "ADD_TO_CART",
                  "action": "https://app.toyou.delivery/c3/addProductToCart?targetKind=ADD_TO_CART&targetSubKind=PRODUCT&targetId=dd1a1dbf-bfb7-4c87-be2b-ee38c3d772b0&productId=dd1a1dbf-bfb7-4c87-be2b-ee38c3d772b0&merchantId=ff4323b8-ae2d-44f0-9b47-baa34b8deba1"
                },
                "isPrepaymentRequired": false,
                "digital": false
              },
              "analyticsData": {
                "sectionProperties": {
                  "section": "PRODUCT",
                  "position": 7
                }
              }
            },
            {
              "id": "e1ff1ce5-639b-4190-a445-2da4bbbdfc0e",
              "kind": "PRODUCT",
              "action": "https://app.toyou.delivery/catalog/product?targetKind=OPEN_PRODUCT&targetSubKind=REGULAR_PRODUCT&targetId=023a5609-d1c2-43c6-a16d-1ca4bde98087&productId=023a5609-d1c2-43c6-a16d-1ca4bde98087",
              "product": {
                "id": "023a5609-d1c2-43c6-a16d-1ca4bde98087",
                "favoriteShown": true,
                "image": "https://res.cloudinary.com/dglgkomis/image/upload/v1724017757/products/product-023a5609-d1c2-43c6-a16d-1ca4bde98087/zj0sibbwtwokzh8wrr8f.jpg",
                "uiKind": "BLOCK",
                "name": {
                  "style": "BODY_MEDIUM",
                  "text": "Crispy Chicken pcs with BBQ Bites",
                  "numberOfLines": 2,
                  "alignment": "LEADING"
                },
                "note": {
                  "style": "BODY_SMALL",
                  "text": "Chicken pcs cooked with free cholesterol and trans fats oil,  served with your favorite choice of sauces\n\n(427 calories)",
                  "numberOfLines": 2,
                  "alignment": "LEADING"
                },
                "availability": "AVAILABLE",
                "price": {
                  "value": 18,
                  "currency": "SAR"
                },
                "actionButton": {
                  "cartParameters": {
                    "priceUnknown": false
                  },
                  "kind": "ADD_TO_CART",
                  "action": "https://app.toyou.delivery/c3/addProductToCart?targetKind=ADD_TO_CART&targetSubKind=PRODUCT&targetId=023a5609-d1c2-43c6-a16d-1ca4bde98087&productId=023a5609-d1c2-43c6-a16d-1ca4bde98087&merchantId=ff4323b8-ae2d-44f0-9b47-baa34b8deba1"
                },
                "isPrepaymentRequired": false,
                "digital": false
              },
              "analyticsData": {
                "sectionProperties": {
                  "section": "PRODUCT",
                  "position": 8
                }
              }
            },
            {
              "id": "3bd0f6e5-c687-4702-b9ef-4ca808b0efcd",
              "kind": "PRODUCT",
              "action": "https://app.toyou.delivery/catalog/product?targetKind=OPEN_PRODUCT&targetSubKind=REGULAR_PRODUCT&targetId=2bd217cb-f2d2-4e4f-b5ed-7536291d749b&productId=2bd217cb-f2d2-4e4f-b5ed-7536291d749b",
              "product": {
                "id": "2bd217cb-f2d2-4e4f-b5ed-7536291d749b",
                "favoriteShown": true,
                "image": "https://res.cloudinary.com/dglgkomis/image/upload/v1720608882/products/product-2bd217cb-f2d2-4e4f-b5ed-7536291d749b/izkyyq6x6anvaw9jnc2c.jpg",
                "uiKind": "BLOCK",
                "name": {
                  "style": "BODY_MEDIUM",
                  "text": "Crispy Chicken pcs with Buffalo Maple Bites",
                  "numberOfLines": 2,
                  "alignment": "LEADING"
                },
                "note": {
                  "style": "BODY_SMALL",
                  "text": "Chicken pcs cooked with free cholesterol and trans fats oil, served with buffalo maple sauce",
                  "numberOfLines": 2,
                  "alignment": "LEADING"
                },
                "availability": "AVAILABLE",
                "price": {
                  "value": 18,
                  "currency": "SAR"
                },
                "actionButton": {
                  "cartParameters": {
                    "priceUnknown": false
                  },
                  "kind": "ADD_TO_CART",
                  "action": "https://app.toyou.delivery/c3/addProductToCart?targetKind=ADD_TO_CART&targetSubKind=PRODUCT&targetId=2bd217cb-f2d2-4e4f-b5ed-7536291d749b&productId=2bd217cb-f2d2-4e4f-b5ed-7536291d749b&merchantId=ff4323b8-ae2d-44f0-9b47-baa34b8deba1"
                },
                "isPrepaymentRequired": false,
                "digital": false
              },
              "analyticsData": {
                "sectionProperties": {
                  "section": "PRODUCT",
                  "position": 9
                }
              }
            },
            {
              "id": "bdc9568a-ae54-47c2-8a61-1d4776f92f59",
              "kind": "PRODUCT",
              "action": "https://app.toyou.delivery/catalog/product?targetKind=OPEN_PRODUCT&targetSubKind=REGULAR_PRODUCT&targetId=6d0312b5-a178-4903-b8e2-67c15f54469e&productId=6d0312b5-a178-4903-b8e2-67c15f54469e",
              "product": {
                "id": "6d0312b5-a178-4903-b8e2-67c15f54469e",
                "favoriteShown": true,
                "image": "https://res.cloudinary.com/dglgkomis/image/upload/v1746370724/products/product-6d0312b5-a178-4903-b8e2-67c15f54469e/s9zkrhru4dcftditgk2g.jpg",
                "uiKind": "BLOCK",
                "name": {
                  "style": "BODY_MEDIUM",
                  "text": "Double Cheesy Crispy",
                  "numberOfLines": 2,
                  "alignment": "LEADING"
                },
                "availability": "AVAILABLE",
                "price": {
                  "value": 38.25,
                  "currency": "SAR"
                },
                "actionButton": {
                  "cartParameters": {
                    "priceUnknown": false
                  },
                  "kind": "ADD_TO_CART",
                  "action": "https://app.toyou.delivery/c3/addProductToCart?targetKind=ADD_TO_CART&targetSubKind=PRODUCT&targetId=6d0312b5-a178-4903-b8e2-67c15f54469e&productId=6d0312b5-a178-4903-b8e2-67c15f54469e&merchantId=ff4323b8-ae2d-44f0-9b47-baa34b8deba1"
                },
                "isPrepaymentRequired": false,
                "digital": false
              },
              "analyticsData": {
                "sectionProperties": {
                  "section": "PRODUCT",
                  "position": 10
                }
              }
            },
            {
              "id": "999cc2a6-2e4d-427c-9304-ff40a0e143c6",
              "kind": "PRODUCT",
              "action": "https://app.toyou.delivery/catalog/product?targetKind=OPEN_PRODUCT&targetSubKind=REGULAR_PRODUCT&targetId=039eddc9-a1a2-4e90-9ee9-6bb9edbf81a0&productId=039eddc9-a1a2-4e90-9ee9-6bb9edbf81a0",
              "product": {
                "id": "039eddc9-a1a2-4e90-9ee9-6bb9edbf81a0",
                "favoriteShown": true,
                "image": "https://res.cloudinary.com/dglgkomis/image/upload/v1720612354/products/product-039eddc9-a1a2-4e90-9ee9-6bb9edbf81a0/lzfxadke5t9f33ya8wau.jpg",
                "uiKind": "BLOCK",
                "name": {
                  "style": "BODY_MEDIUM",
                  "text": "Maple Crispy Chicken Burger",
                  "numberOfLines": 2,
                  "alignment": "LEADING"
                },
                "note": {
                  "style": "BODY_SMALL",
                  "text": "Piece of crispy chicken breast is cooked using oils free of cholesterol and trans fats and served in fresh bread with a slice of cheese and lettuce, and buffalo maple sauce, in addition to Shake It’s special white sauce",
                  "numberOfLines": 2,
                  "alignment": "LEADING"
                },
                "availability": "AVAILABLE",
                "price": {
                  "value": 31.9,
                  "currency": "SAR"
                },
                "actionButton": {
                  "cartParameters": {
                    "priceUnknown": false
                  },
                  "kind": "ADD_TO_CART",
                  "action": "https://app.toyou.delivery/c3/addProductToCart?targetKind=ADD_TO_CART&targetSubKind=PRODUCT&targetId=039eddc9-a1a2-4e90-9ee9-6bb9edbf81a0&productId=039eddc9-a1a2-4e90-9ee9-6bb9edbf81a0&merchantId=ff4323b8-ae2d-44f0-9b47-baa34b8deba1"
                },
                "isPrepaymentRequired": false,
                "digital": false
              },
              "analyticsData": {
                "sectionProperties": {
                  "section": "PRODUCT",
                  "position": 11
                }
              }
            }
          ]
        },
        {
          "id": "26e4b32f-d638-4d69-ab98-a7e023f556f1",
          "kind": "GRID",
          "background": "#ffffff",
          "itemHeight": "AUTOMATIC",
          "columns": 1,
          "items": [
            {
              "id": "ebf510f2-1645-4c18-adcc-d86436008e11",
              "kind": "MERCHANT",
              "action": "https://app.toyou.delivery/catalog/merchant?targetKind=OPEN_MERCHANT&targetSubKind=REGULAR_MERCHANT_PRODUCTS&targetId=4030cae1-9d39-4e72-aa8f-9a268bae43d5&merchantId=4030cae1-9d39-4e72-aa8f-9a268bae43d5",
              "merchant": {
                "uiKind": "LITE",
                "id": "4030cae1-9d39-4e72-aa8f-9a268bae43d5",
                "name": "Can",
                "rating": 4.801033591731271,
                "backgroundImage": "https://res.cloudinary.com/dglgkomis/image/upload/v1752053872/merchants/phrvh29jrtnltx4qadtr.jpg",
                "logoImage": "https://res.cloudinary.com/dglgkomis/image/upload/v1752053870/merchants/syv0qy1ummwazwtbpmeb.jpg",
                "isOnlyScheduledOrders": false,
                "isClosed": false,
                "delivery": {
                  "distance": 3899.848067859841,
                  "etaMin": 2580,
                  "etaMax": 3120
                },
                "fees": {
                  "currency": "SAR",
                  "delivery": 20
                },
                "subscription": {
                  "available": [
                    {
                      "color": "#003462",
                      "name": "Premium"
                    }
                  ]
                },
                "loyaltyRewardInfo": {
                  "loyaltyLevel": "TIER_2",
                  "points": "10",
                  "pointsPerSarValue": 10,
                  "pointsBadgeDescription": "per SAR"
                }
              },
              "analyticsData": {
                "sectionProperties": {
                  "section": "PRODUCT",
                  "position": 12
                }
              },
              "digital": false
            }
          ]
        },
        {
          "id": "2dfba8d0-200a-4c82-988f-38132fb4d559",
          "kind": "SCROLL",
          "background": "#ffffff",
          "visibleCount": 3.3,
          "items": [
            {
              "id": "44b357c2-005a-4770-acb8-875eae8da681",
              "kind": "PRODUCT",
              "action": "https://app.toyou.delivery/catalog/product?targetKind=OPEN_PRODUCT&targetSubKind=REGULAR_PRODUCT&targetId=bd665178-976a-4134-a67c-5fe88d676f20&productId=bd665178-976a-4134-a67c-5fe88d676f20",
              "product": {
                "id": "bd665178-976a-4134-a67c-5fe88d676f20",
                "favoriteShown": true,
                "image": "https://res.cloudinary.com/dglgkomis/image/upload/v1752053740/products/product-bd665178-976a-4134-a67c-5fe88d676f20/loccc9msxkkk9jlfs4i4.jpg",
                "uiKind": "BLOCK",
                "name": {
                  "style": "BODY_MEDIUM",
                  "text": "2 Boxes Crispy & Super Mix",
                  "numberOfLines": 2,
                  "alignment": "LEADING"
                },
                "note": {
                  "style": "BODY_SMALL",
                  "text": "crispy sweet and super mix chocolate",
                  "numberOfLines": 2,
                  "alignment": "LEADING"
                },
                "availability": "AVAILABLE",
                "price": {
                  "value": 111,
                  "currency": "SAR"
                },
                "actionButton": {
                  "cartParameters": {
                    "priceUnknown": false
                  },
                  "kind": "ADD_TO_CART",
                  "action": "https://app.toyou.delivery/c3/addProductToCart?targetKind=ADD_TO_CART&targetSubKind=PRODUCT&targetId=bd665178-976a-4134-a67c-5fe88d676f20&productId=bd665178-976a-4134-a67c-5fe88d676f20&merchantId=4030cae1-9d39-4e72-aa8f-9a268bae43d5"
                },
                "isPrepaymentRequired": false,
                "digital": false
              },
              "analyticsData": {
                "sectionProperties": {
                  "section": "PRODUCT",
                  "position": 13
                }
              }
            },
            {
              "id": "0b4efda1-6caa-4d73-a12f-aad8b557690c",
              "kind": "PRODUCT",
              "action": "https://app.toyou.delivery/catalog/product?targetKind=OPEN_PRODUCT&targetSubKind=REGULAR_PRODUCT&targetId=b769cb03-a6d0-4e0b-bfa7-234474521878&productId=b769cb03-a6d0-4e0b-bfa7-234474521878",
              "product": {
                "id": "b769cb03-a6d0-4e0b-bfa7-234474521878",
                "favoriteShown": true,
                "image": "https://res.cloudinary.com/dglgkomis/image/upload/v1752053760/products/product-b769cb03-a6d0-4e0b-bfa7-234474521878/fzamvxwgxlp1spt7mhsl.jpg",
                "uiKind": "BLOCK",
                "name": {
                  "style": "BODY_MEDIUM",
                  "text": "Crispy Sweet",
                  "numberOfLines": 2,
                  "alignment": "LEADING"
                },
                "note": {
                  "style": "BODY_SMALL",
                  "text": "Crispy sweet cool with chocolate contain 21 pieces",
                  "numberOfLines": 2,
                  "alignment": "LEADING"
                },
                "availability": "AVAILABLE",
                "price": {
                  "value": 69,
                  "currency": "SAR"
                },
                "actionButton": {
                  "cartParameters": {
                    "priceUnknown": false
                  },
                  "kind": "ADD_TO_CART",
                  "action": "https://app.toyou.delivery/c3/addProductToCart?targetKind=ADD_TO_CART&targetSubKind=PRODUCT&targetId=b769cb03-a6d0-4e0b-bfa7-234474521878&productId=b769cb03-a6d0-4e0b-bfa7-234474521878&merchantId=4030cae1-9d39-4e72-aa8f-9a268bae43d5"
                },
                "isPrepaymentRequired": false,
                "digital": false
              },
              "analyticsData": {
                "sectionProperties": {
                  "section": "PRODUCT",
                  "position": 14
                }
              }
            }
          ]
        },
        {
          "id": "17f3a86d-174d-477f-aeb2-3633d902477f",
          "kind": "GRID",
          "background": "#ffffff",
          "itemHeight": "AUTOMATIC",
          "columns": 1,
          "items": [
            {
              "id": "d5b3ca38-725c-41e3-b7e5-43efb687815a",
              "kind": "MERCHANT",
              "action": "https://app.toyou.delivery/catalog/merchant?targetKind=OPEN_MERCHANT&targetSubKind=REGULAR_MERCHANT_PRODUCTS&targetId=b4515ab8-43d5-464d-b37e-354ca9046432&merchantId=b4515ab8-43d5-464d-b37e-354ca9046432",
              "merchant": {
                "uiKind": "LITE",
                "id": "b4515ab8-43d5-464d-b37e-354ca9046432",
                "name": "BAZOOKA",
                "rating": 4.1491712707182336,
                "backgroundImage": "https://res.cloudinary.com/dglgkomis/image/upload/v1759236398/merchants/e3sadigtwt2gqmepxs8l.jpg",
                "logoImage": "https://res.cloudinary.com/dglgkomis/image/upload/v1759043706/merchants/e9yahdidsiddrci9ncgq.jpg",
                "isOnlyScheduledOrders": false,
                "isClosed": false,
                "delivery": {
                  "distance": 13058.999497617562,
                  "etaMin": 3420,
                  "etaMax": 4140
                },
                "fees": {
                  "currency": "SAR",
                  "delivery": 41,
                  "deliveryDiscounted": 0,
                  "deliveryDiscountName": "Free Delivery with promo code"
                },
                "subscription": {
                  "available": [
                    {
                      "color": "#003462",
                      "name": "Premium"
                    },
                    {
                      "color": "#00FFEB",
                      "name": "Essentials"
                    }
                  ]
                },
                "loyaltyRewardInfo": {
                  "loyaltyLevel": "TIER_2",
                  "points": "10",
                  "pointsPerSarValue": 10,
                  "pointsBadgeDescription": "per SAR"
                },
                "promoLabels": [
                  {
                    "text": {
                      "text": "Up to 26% Off",
                      "numberOfLines": 1,
                      "alignment": "CENTER",
                      "color": "#FFFFFF",
                      "size": 12,
                      "weight": "MEDIUM",
                      "style": "BODY_MEDIUM"
                    },
                    "background": {
                      "color": "#F83373",
                      "border": {
                        "color": "#F83373",
                        "width": 1.2
                      },
                      "cornerRadius": 5
                    }
                  }
                ]
              },
              "analyticsData": {
                "sectionProperties": {
                  "section": "PRODUCT",
                  "position": 15
                }
              },
              "digital": false
            }
          ]
        },
        {
          "id": "ee61109d-4ec7-454e-ba8b-783e0d98998b",
          "kind": "SCROLL",
          "background": "#ffffff",
          "visibleCount": 3.3,
          "items": [
            {
              "id": "09ba1724-6e3e-4a98-a9b8-740a62c4b11c",
              "kind": "PRODUCT",
              "action": "https://app.toyou.delivery/catalog/product?targetKind=OPEN_PRODUCT&targetSubKind=REGULAR_PRODUCT&targetId=a0bd7e90-c717-4ee9-a1f0-c135fed1c987&productId=a0bd7e90-c717-4ee9-a1f0-c135fed1c987",
              "product": {
                "id": "a0bd7e90-c717-4ee9-a1f0-c135fed1c987",
                "favoriteShown": true,
                "image": "https://res.cloudinary.com/dglgkomis/image/upload/v1759055877/products/product-a0bd7e90-c717-4ee9-a1f0-c135fed1c987/otb1lwpwygtl8km7tgch.jpg",
                "uiKind": "BLOCK",
                "name": {
                  "style": "BODY_MEDIUM",
                  "text": "2 Crispy Strips pieces Mix",
                  "numberOfLines": 2,
                  "alignment": "LEADING"
                },
                "note": {
                  "style": "BODY_SMALL",
                  "text": "2 Crispy Strips pieces Mix",
                  "numberOfLines": 2,
                  "alignment": "LEADING"
                },
                "availability": "AVAILABLE",
                "price": {
                  "value": 9,
                  "currency": "SAR"
                },
                "actionButton": {
                  "cartParameters": {
                    "priceUnknown": false
                  },
                  "kind": "ADD_TO_CART",
                  "action": "https://app.toyou.delivery/c3/addProductToCart?targetKind=ADD_TO_CART&targetSubKind=PRODUCT&targetId=a0bd7e90-c717-4ee9-a1f0-c135fed1c987&productId=a0bd7e90-c717-4ee9-a1f0-c135fed1c987&merchantId=b4515ab8-43d5-464d-b37e-354ca9046432"
                },
                "isPrepaymentRequired": false,
                "digital": false
              },
              "analyticsData": {
                "sectionProperties": {
                  "section": "PRODUCT",
                  "position": 16
                }
              }
            },
            {
              "id": "7535eb99-f7ce-422d-9bfb-c23f03c7ef0e",
              "kind": "PRODUCT",
              "action": "https://app.toyou.delivery/catalog/product?targetKind=OPEN_PRODUCT&targetSubKind=REGULAR_PRODUCT&targetId=1573139b-e646-46da-906b-0f94f03994e9&productId=1573139b-e646-46da-906b-0f94f03994e9",
              "product": {
                "id": "1573139b-e646-46da-906b-0f94f03994e9",
                "favoriteShown": true,
                "image": "https://res.cloudinary.com/dglgkomis/image/upload/v1759055875/products/product-1573139b-e646-46da-906b-0f94f03994e9/d0dtupilbbf5l0k9jv0i.jpg",
                "uiKind": "BLOCK",
                "name": {
                  "style": "BODY_MEDIUM",
                  "text": "2 Crispy Strips pieces Original",
                  "numberOfLines": 2,
                  "alignment": "LEADING"
                },
                "note": {
                  "style": "BODY_SMALL",
                  "text": "2 Crispy Strips pieces Original",
                  "numberOfLines": 2,
                  "alignment": "LEADING"
                },
                "availability": "AVAILABLE",
                "price": {
                  "value": 9,
                  "currency": "SAR"
                },
                "actionButton": {
                  "cartParameters": {
                    "priceUnknown": false
                  },
                  "kind": "ADD_TO_CART",
                  "action": "https://app.toyou.delivery/c3/addProductToCart?targetKind=ADD_TO_CART&targetSubKind=PRODUCT&targetId=1573139b-e646-46da-906b-0f94f03994e9&productId=1573139b-e646-46da-906b-0f94f03994e9&merchantId=b4515ab8-43d5-464d-b37e-354ca9046432"
                },
                "isPrepaymentRequired": false,
                "digital": false
              },
              "analyticsData": {
                "sectionProperties": {
                  "section": "PRODUCT",
                  "position": 17
                }
              }
            },
            {
              "id": "4a7829bf-8498-4b55-9ed8-6b2beeaa7d64",
              "kind": "PRODUCT",
              "action": "https://app.toyou.delivery/catalog/product?targetKind=OPEN_PRODUCT&targetSubKind=REGULAR_PRODUCT&targetId=91c98751-865f-4538-8b62-44674e05b355&productId=91c98751-865f-4538-8b62-44674e05b355",
              "product": {
                "id": "91c98751-865f-4538-8b62-44674e05b355",
                "favoriteShown": true,
                "image": "https://res.cloudinary.com/dglgkomis/image/upload/v1759055872/products/product-91c98751-865f-4538-8b62-44674e05b355/tljdjlrsipudnydeqlsh.jpg",
                "uiKind": "BLOCK",
                "name": {
                  "style": "BODY_MEDIUM",
                  "text": "2 Crispy Strips pieces Spicy",
                  "numberOfLines": 2,
                  "alignment": "LEADING"
                },
                "note": {
                  "style": "BODY_SMALL",
                  "text": "2 Crispy Strips pieces Spicy",
                  "numberOfLines": 2,
                  "alignment": "LEADING"
                },
                "availability": "AVAILABLE",
                "price": {
                  "value": 9,
                  "currency": "SAR"
                },
                "actionButton": {
                  "cartParameters": {
                    "priceUnknown": false
                  },
                  "kind": "ADD_TO_CART",
                  "action": "https://app.toyou.delivery/c3/addProductToCart?targetKind=ADD_TO_CART&targetSubKind=PRODUCT&targetId=91c98751-865f-4538-8b62-44674e05b355&productId=91c98751-865f-4538-8b62-44674e05b355&merchantId=b4515ab8-43d5-464d-b37e-354ca9046432"
                },
                "isPrepaymentRequired": false,
                "digital": false
              },
              "analyticsData": {
                "sectionProperties": {
                  "section": "PRODUCT",
                  "position": 18
                }
              }
            },
            {
              "id": "413916d0-f9d0-4ca7-b7f5-99102878360d",
              "kind": "PRODUCT",
              "action": "https://app.toyou.delivery/catalog/product?targetKind=OPEN_PRODUCT&targetSubKind=REGULAR_PRODUCT&targetId=5369375e-d181-4af1-b83d-792d69a148a8&productId=5369375e-d181-4af1-b83d-792d69a148a8",
              "product": {
                "id": "5369375e-d181-4af1-b83d-792d69a148a8",
                "favoriteShown": true,
                "image": "https://res.cloudinary.com/dglgkomis/image/upload/v1759055671/products/product-5369375e-d181-4af1-b83d-792d69a148a8/yyi0wq1qnkm8os7gejzv.jpg",
                "uiKind": "BLOCK",
                "name": {
                  "style": "BODY_MEDIUM",
                  "text": "Bazooka Super Crispy Strips Meal Compo",
                  "numberOfLines": 2,
                  "alignment": "LEADING"
                },
                "note": {
                  "style": "BODY_SMALL",
                  "text": "4 Pieces Crispy Strips + Fries + Coleslaw + Bun + Drink + BBQ Sauce + Cheddar Cheese Sauce",
                  "numberOfLines": 2,
                  "alignment": "LEADING"
                },
                "availability": "AVAILABLE",
                "price": {
                  "value": 36,
                  "currency": "SAR"
                },
                "actionButton": {
                  "cartParameters": {
                    "priceUnknown": false
                  },
                  "kind": "ADD_TO_CART",
                  "action": "https://app.toyou.delivery/c3/addProductToCart?targetKind=ADD_TO_CART&targetSubKind=PRODUCT&targetId=5369375e-d181-4af1-b83d-792d69a148a8&productId=5369375e-d181-4af1-b83d-792d69a148a8&merchantId=b4515ab8-43d5-464d-b37e-354ca9046432",
                  "context": {
                    "merchantId": "b4515ab8-43d5-464d-b37e-354ca9046432",
                    "name": "Bazooka Super Crispy Strips Meal Compo",
                    "options": [
                      {
                        "id": "1122866",
                        "name": "Choose 4 Pcs Strips",
                        "values": [
                          {
                            "id": "4933616",
                            "name": "4 PCs Strips Spicy",
                            "price": 0,
                            "availabilityStatus": "AVAILABLE"
                          },
                          {
                            "id": "4933617",
                            "name": "4 PCs Strips Original",
                            "price": 0,
                            "availabilityStatus": "AVAILABLE"
                          },
                          {
                            "id": "4933618",
                            "name": "4 PCs Strips Mix",
                            "price": 0,
                            "availabilityStatus": "AVAILABLE"
                          }
                        ],
                        "minTotalOptionValueQuantity": 1,
                        "maxTotalOptionValueQuantity": 1,
                        "enableOptionValueQuantity": false
                      },
                      {
                        "id": "1122867",
                        "name": "Regular Fries",
                        "values": [
                          {
                            "id": "4933619",
                            "name": "Regular Fries",
                            "price": 0,
                            "availabilityStatus": "AVAILABLE"
                          }
                        ],
                        "minTotalOptionValueQuantity": 1,
                        "maxTotalOptionValueQuantity": 1,
                        "enableOptionValueQuantity": false
                      },
                      {
                        "id": "1122868",
                        "name": "Coleslaw Small",
                        "values": [
                          {
                            "id": "4933620",
                            "name": "Coleslaw Small",
                            "price": 0,
                            "availabilityStatus": "AVAILABLE"
                          }
                        ],
                        "minTotalOptionValueQuantity": 1,
                        "maxTotalOptionValueQuantity": 1,
                        "enableOptionValueQuantity": false
                      },
                      {
                        "id": "1122869",
                        "name": "1 Bun",
                        "values": [
                          {
                            "id": "4933621",
                            "name": "1 Bun",
                            "price": 0,
                            "availabilityStatus": "AVAILABLE"
                          }
                        ],
                        "minTotalOptionValueQuantity": 1,
                        "maxTotalOptionValueQuantity": 1,
                        "enableOptionValueQuantity": false
                      },
                      {
                        "id": "1122870",
                        "name": "Choose 1 Drink",
                        "values": [
                          {
                            "id": "4933622",
                            "name": "1 Kinza Cola",
                            "price": 0,
                            "availabilityStatus": "AVAILABLE"
                          },
                          {
                            "id": "4933623",
                            "name": "1 Kinza Orange",
                            "price": 0,
                            "availabilityStatus": "AVAILABLE"
                          },
                          {
                            "id": "4933624",
                            "name": "1 Kinza Lemon",
                            "price": 0,
                            "availabilityStatus": "AVAILABLE"
                          },
                          {
                            "id": "4933625",
                            "name": "1 Kinza Citrus",
                            "price": 0,
                            "availabilityStatus": "AVAILABLE"
                          },
                          {
                            "id": "4933626",
                            "name": "1 Kinza Diet Cola",
                            "price": 0,
                            "availabilityStatus": "AVAILABLE"
                          },
                          {
                            "id": "4933627",
                            "name": "Change Drink to orange juice",
                            "price": 5,
                            "availabilityStatus": "AVAILABLE"
                          },
                          {
                            "id": "4933628",
                            "name": "1 Kinza Diet Lemon",
                            "price": 0,
                            "availabilityStatus": "AVAILABLE"
                          }
                        ],
                        "minTotalOptionValueQuantity": 1,
                        "maxTotalOptionValueQuantity": 1,
                        "enableOptionValueQuantity": false
                      }
                    ],
                    "price": 36,
                    "currency": "SAR",
                    "image": "https://res.cloudinary.com/dglgkomis/image/upload/v1759055671/products/product-5369375e-d181-4af1-b83d-792d69a148a8/yyi0wq1qnkm8os7gejzv.jpg",
                    "availabilityStatus": "AVAILABLE"
                  }
                },
                "isPrepaymentRequired": false,
                "digital": false
              },
              "analyticsData": {
                "sectionProperties": {
                  "section": "PRODUCT",
                  "position": 19
                }
              }
            }
          ]
        },
        {
          "id": "e4621088-bb6d-4718-ac81-1f2f27879298",
          "kind": "GRID",
          "background": "#ffffff",
          "itemHeight": "AUTOMATIC",
          "columns": 1,
          "items": [
            {
              "id": "25fb72c2-aa31-4d59-9ec6-a72956591fe7",
              "kind": "MERCHANT",
              "action": "https://app.toyou.delivery/catalog/merchant?targetKind=OPEN_MERCHANT&targetSubKind=REGULAR_MERCHANT_PRODUCTS&targetId=31bec093-9e61-47df-bbcf-4cbe04e8fe90&merchantId=31bec093-9e61-47df-bbcf-4cbe04e8fe90",
              "merchant": {
                "uiKind": "LITE",
                "id": "31bec093-9e61-47df-bbcf-4cbe04e8fe90",
                "name": "Buffalo Wild Wings",
                "rating": 4.297303151738319,
                "backgroundImage": "https://res.cloudinary.com/dglgkomis/image/upload/v1552396075/merchants/vpft50t9z0tfm66o5kax.jpg",
                "logoImage": "https://res.cloudinary.com/dglgkomis/image/upload/v1588151351/merchants/dfr4kcax1jf3twf0dtay.png",
                "isOnlyScheduledOrders": false,
                "isClosed": false,
                "delivery": {
                  "distance": 18348.284781454608,
                  "etaMin": 3840,
                  "etaMax": 4740
                },
                "fees": {
                  "currency": "SAR",
                  "delivery": 44,
                  "deliveryDiscounted": 7,
                  "deliveryDiscountName": "7 SR delivery fee with promo code"
                },
                "subscription": {
                  "available": [
                    {
                      "color": "#003462",
                      "name": "Premium"
                    }
                  ]
                },
                "loyaltyRewardInfo": {
                  "loyaltyLevel": "TIER_2",
                  "points": "15",
                  "pointsPerSarValue": 15,
                  "pointsBadgeDescription": "per SAR"
                }
              },
              "analyticsData": {
                "sectionProperties": {
                  "section": "PRODUCT",
                  "position": 20
                }
              },
              "digital": false
            }
          ]
        },
        {
          "id": "8ebdd22a-f202-401a-bbdf-a88a00c8ed8e",
          "kind": "SCROLL",
          "background": "#ffffff",
          "visibleCount": 3.3,
          "items": [
            {
              "id": "50cd577b-3309-42f4-916f-67c7792c540d",
              "kind": "PRODUCT",
              "action": "https://app.toyou.delivery/catalog/product?targetKind=OPEN_PRODUCT&targetSubKind=REGULAR_PRODUCT&targetId=acedf081-5312-4b27-ad6e-98d08494e633&productId=acedf081-5312-4b27-ad6e-98d08494e633",
              "product": {
                "id": "acedf081-5312-4b27-ad6e-98d08494e633",
                "favoriteShown": true,
                "image": "https://res.cloudinary.com/dglgkomis/image/upload/v1686735683/products/product-acedf081-5312-4b27-ad6e-98d08494e633/s9hicobbspmegnhrn7xi.jpg",
                "uiKind": "BLOCK",
                "name": {
                  "style": "BODY_MEDIUM",
                  "text": "2 Pcs Crispy Tenders",
                  "numberOfLines": 2,
                  "alignment": "LEADING"
                },
                "note": {
                  "style": "BODY_SMALL",
                  "text": "Juicy and crispy chicken tenders freshly breaded and fried until golden served with French fries and a drink of your choice",
                  "numberOfLines": 2,
                  "alignment": "LEADING"
                },
                "availability": "AVAILABLE",
                "price": {
                  "value": 39,
                  "currency": "SAR"
                },
                "actionButton": {
                  "cartParameters": {
                    "priceUnknown": false
                  },
                  "kind": "ADD_TO_CART",
                  "action": "https://app.toyou.delivery/c3/addProductToCart?targetKind=ADD_TO_CART&targetSubKind=PRODUCT&targetId=acedf081-5312-4b27-ad6e-98d08494e633&productId=acedf081-5312-4b27-ad6e-98d08494e633&merchantId=31bec093-9e61-47df-bbcf-4cbe04e8fe90",
                  "context": {
                    "merchantId": "31bec093-9e61-47df-bbcf-4cbe04e8fe90",
                    "name": "2 Pcs Crispy Tenders",
                    "options": [
                      {
                        "id": "918649",
                        "name": "Choose your favorite drink",
                        "values": [
                          {
                            "id": "3842575",
                            "name": "Kids orange juice",
                            "price": 0,
                            "availabilityStatus": "AVAILABLE"
                          },
                          {
                            "id": "3842576",
                            "name": "Kids soda",
                            "price": 0,
                            "availabilityStatus": "AVAILABLE"
                          }
                        ],
                        "minTotalOptionValueQuantity": 1,
                        "maxTotalOptionValueQuantity": 1,
                        "enableOptionValueQuantity": false
                      }
                    ],
                    "price": 39,
                    "currency": "SAR",
                    "image": "https://res.cloudinary.com/dglgkomis/image/upload/v1686735683/products/product-acedf081-5312-4b27-ad6e-98d08494e633/s9hicobbspmegnhrn7xi.jpg",
                    "availabilityStatus": "AVAILABLE"
                  }
                },
                "isPrepaymentRequired": false,
                "digital": false
              },
              "analyticsData": {
                "sectionProperties": {
                  "section": "PRODUCT",
                  "position": 21
                }
              }
            },
            {
              "id": "153b8444-1afc-49dd-9761-f8920f18bd83",
              "kind": "PRODUCT",
              "action": "https://app.toyou.delivery/catalog/product?targetKind=OPEN_PRODUCT&targetSubKind=REGULAR_PRODUCT&targetId=26f470b5-4104-4f36-ab7e-02597e48eaed&productId=26f470b5-4104-4f36-ab7e-02597e48eaed",
              "product": {
                "id": "26f470b5-4104-4f36-ab7e-02597e48eaed",
                "favoriteShown": true,
                "image": "https://res.cloudinary.com/dglgkomis/image/upload/v1693845648/products/product-26f470b5-4104-4f36-ab7e-02597e48eaed/fpdha9lm3v0ptj7nis05.jpg",
                "uiKind": "BLOCK",
                "name": {
                  "style": "BODY_MEDIUM",
                  "text": "3 Pcs Crispy Tenders",
                  "numberOfLines": 2,
                  "alignment": "LEADING"
                },
                "note": {
                  "style": "BODY_SMALL",
                  "text": "Juicy and crispy hand breaded chicken tenders made fresh to order. Served with fries, your favorite sauces and seasoning. (1024 calories)",
                  "numberOfLines": 2,
                  "alignment": "LEADING"
                },
                "availability": "AVAILABLE",
                "price": {
                  "value": 50,
                  "currency": "SAR"
                },
                "actionButton": {
                  "cartParameters": {
                    "priceUnknown": false
                  },
                  "kind": "ADD_TO_CART",
                  "action": "https://app.toyou.delivery/c3/addProductToCart?targetKind=ADD_TO_CART&targetSubKind=PRODUCT&targetId=26f470b5-4104-4f36-ab7e-02597e48eaed&productId=26f470b5-4104-4f36-ab7e-02597e48eaed&merchantId=31bec093-9e61-47df-bbcf-4cbe04e8fe90",
                  "context": {
                    "merchantId": "31bec093-9e61-47df-bbcf-4cbe04e8fe90",
                    "name": "3 Pcs Crispy Tenders",
                    "options": [
                      {
                        "id": "918641",
                        "name": "Choose your favorite sauce",
                        "values": [
                          {
                            "id": "3842540",
                            "name": "Buffalo seasoning",
                            "price": 0,
                            "availabilityStatus": "AVAILABLE"
                          },
                          {
                            "id": "3842541",
                            "name": "Heat seasoning",
                            "price": 0,
                            "availabilityStatus": "AVAILABLE"
                          },
                          {
                            "id": "3842542",
                            "name": "Lemon pepper seasoning",
                            "price": 0,
                            "availabilityStatus": "AVAILABLE"
                          },
                          {
                            "id": "3842543",
                            "name": "Carolina reaper",
                            "price": 0,
                            "availabilityStatus": "AVAILABLE"
                          },
                          {
                            "id": "3842544",
                            "name": "Buffalo Hot",
                            "price": 0,
                            "availabilityStatus": "AVAILABLE"
                          },
                          {
                            "id": "3842545",
                            "name": "Buffalo Medium",
                            "price": 0,
                            "availabilityStatus": "AVAILABLE"
                          },
                          {
                            "id": "3842546",
                            "name": "Honey bbq",
                            "price": 0,
                            "availabilityStatus": "AVAILABLE"
                          },
                          {
                            "id": "3842547",
                            "name": "Mango habanero",
                            "price": 0,
                            "availabilityStatus": "AVAILABLE"
                          },
                          {
                            "id": "3842548",
                            "name": "Asian zing",
                            "price": 0,
                            "availabilityStatus": "AVAILABLE"
                          },
                          {
                            "id": "3842549",
                            "name": "Parmesan garlic",
                            "price": 0,
                            "availabilityStatus": "AVAILABLE"
                          },
                          {
                            "id": "3842550",
                            "name": "Spicy garlic",
                            "price": 0,
                            "availabilityStatus": "AVAILABLE"
                          }
                        ],
                        "minTotalOptionValueQuantity": 1,
                        "maxTotalOptionValueQuantity": 1,
                        "enableOptionValueQuantity": false
                      },
                      {
                        "id": "599262",
                        "name": "Choose your favorite side dish",
                        "values": [
                          {
                            "id": "2382047",
                            "name": "Fries",
                            "price": 0,
                            "availabilityStatus": "AVAILABLE"
                          },
                          {
                            "id": "2382048",
                            "name": "Fries with cheese",
                            "price": 6,
                            "availabilityStatus": "AVAILABLE"
                          },
                          {
                            "id": "2382049",
                            "name": "Tortilla chip",
                            "price": 0,
                            "availabilityStatus": "AVAILABLE"
                          },
                          {
                            "id": "2382050",
                            "name": "Onion rings",
                            "price": 6,
                            "availabilityStatus": "AVAILABLE"
                          },
                          {
                            "id": "2382051",
                            "name": "Wedges platter",
                            "price": 6,
                            "availabilityStatus": "AVAILABLE"
                          }
                        ],
                        "minTotalOptionValueQuantity": 1,
                        "maxTotalOptionValueQuantity": 1,
                        "enableOptionValueQuantity": false
                      }
                    ],
                    "price": 50,
                    "currency": "SAR",
                    "image": "https://res.cloudinary.com/dglgkomis/image/upload/v1693845648/products/product-26f470b5-4104-4f36-ab7e-02597e48eaed/fpdha9lm3v0ptj7nis05.jpg",
                    "availabilityStatus": "AVAILABLE"
                  }
                },
                "isPrepaymentRequired": false,
                "digital": false
              },
              "analyticsData": {
                "sectionProperties": {
                  "section": "PRODUCT",
                  "position": 22
                }
              }
            }
          ]
        },
        {
          "id": "141322c6-88ea-48aa-9993-61b87d79b9d1",
          "kind": "GRID",
          "background": "#ffffff",
          "itemHeight": "AUTOMATIC",
          "columns": 1,
          "items": [
            {
              "id": "2d160ce6-4bc5-4c2c-b302-8bb22052a51d",
              "kind": "MERCHANT",
              "action": "https://app.toyou.delivery/catalog/merchant?targetKind=OPEN_MERCHANT&targetSubKind=REGULAR_MERCHANT_PRODUCTS&targetId=3f9ed76d-8959-47b1-a189-f2cf98b6499a&merchantId=3f9ed76d-8959-47b1-a189-f2cf98b6499a",
              "merchant": {
                "uiKind": "LITE",
                "id": "3f9ed76d-8959-47b1-a189-f2cf98b6499a",
                "name": "Taem Al Zaad",
                "rating": 4.2898550724637685,
                "backgroundImage": "https://res.cloudinary.com/dglgkomis/image/upload/v1692528015/merchants/xrihkd9ytiecznpeadqn.jpg",
                "logoImage": "https://res.cloudinary.com/dglgkomis/image/upload/v1692528012/merchants/iezoi3as49qh4qnffhhd.jpg",
                "isOnlyScheduledOrders": false,
                "isClosed": false,
                "delivery": {
                  "distance": 12961.662061918849,
                  "etaMin": 3060,
                  "etaMax": 3780
                },
                "fees": {
                  "currency": "SAR",
                  "delivery": 32
                },
                "subscription": {
                  "available": [
                    {
                      "color": "#003462",
                      "name": "Premium"
                    }
                  ]
                },
                "loyaltyRewardInfo": {
                  "loyaltyLevel": "TIER_2",
                  "points": "10",
                  "pointsPerSarValue": 10,
                  "pointsBadgeDescription": "per SAR"
                }
              },
              "analyticsData": {
                "sectionProperties": {
                  "section": "PRODUCT",
                  "position": 23
                }
              },
              "digital": false
            }
          ]
        },
        {
          "id": "2cf65048-ed7c-42cf-b52e-5fdbb8ad5269",
          "kind": "SCROLL",
          "background": "#ffffff",
          "visibleCount": 3.3,
          "items": [
            {
              "id": "556d3af9-ef06-4713-a3e6-169bc1f4e85b",
              "kind": "PRODUCT",
              "action": "https://app.toyou.delivery/catalog/product?targetKind=OPEN_PRODUCT&targetSubKind=REGULAR_PRODUCT&targetId=3aeb5b58-44ad-47e6-a209-5f792d8cb19d&productId=3aeb5b58-44ad-47e6-a209-5f792d8cb19d",
              "product": {
                "id": "3aeb5b58-44ad-47e6-a209-5f792d8cb19d",
                "favoriteShown": true,
                "image": "https://res.cloudinary.com/dglgkomis/image/upload/v1692594870/products/product-3aeb5b58-44ad-47e6-a209-5f792d8cb19d/bij4o54zxb6lxddanv8y.jpg",
                "uiKind": "BLOCK",
                "name": {
                  "style": "BODY_MEDIUM",
                  "text": "4 Pcs Crispy Special Falafel",
                  "numberOfLines": 2,
                  "alignment": "LEADING"
                },
                "note": {
                  "style": "BODY_SMALL",
                  "text": "Special crispy falafel",
                  "numberOfLines": 2,
                  "alignment": "LEADING"
                },
                "availability": "AVAILABLE",
                "price": {
                  "value": 2,
                  "currency": "SAR"
                },
                "actionButton": {
                  "cartParameters": {
                    "priceUnknown": false
                  },
                  "kind": "ADD_TO_CART",
                  "action": "https://app.toyou.delivery/c3/addProductToCart?targetKind=ADD_TO_CART&targetSubKind=PRODUCT&targetId=3aeb5b58-44ad-47e6-a209-5f792d8cb19d&productId=3aeb5b58-44ad-47e6-a209-5f792d8cb19d&merchantId=3f9ed76d-8959-47b1-a189-f2cf98b6499a"
                },
                "isPrepaymentRequired": false,
                "digital": false
              },
              "analyticsData": {
                "sectionProperties": {
                  "section": "PRODUCT",
                  "position": 24
                }
              }
            }
          ]
        },
        {
          "id": "e2af8de8-4629-4bd2-886c-81d3eae401cc",
          "markerId": "1a10b65c-aabf-4761-b308-e556dc836654",
          "kind": "GRID",
          "background": "#FFFFFF",
          "itemHeight": "AUTOMATIC",
          "columns": 1,
          "items": [
            {
              "id": "2a15cb1c-74a1-495c-82e5-f95bfc9cae2e",
              "action": "https://app.toyou.delivery/c3/replaceBlocks?targetKind=LOAD_MORE&targetSubKind=SEARCH_NEXT_PRODUCTS&replaceKind=LOADER&markerId=1a10b65c-aabf-4761-b308-e556dc836654&blocksUrl=https%3A%2F%2Fapp.toyou.delivery%2Fsearch%2Fv12%2Fc3-search%2Fproducts%3Flang%3Den%26operationArea%3DSA_Riyadh%26lat%3D24.59698204691336%26lon%3D46.67515633316089%26from%3D6%26query%3DCrispsh",
              "kind": "LOAD_MORE",
              "title": {
                "text": "Load more",
                "numberOfLines": 1,
                "alignment": "LEADING",
                "color": "#00B0DF",
                "size": 15,
                "weight": "MEDIUM"
              }
            }
          ]
        }
      ]
    },
    "metaData": {
      "foundMerchantsCount": 3,
      "foundProductsCount": 1168
    }
  }
}