{
  "source": "ToYou",
  "endpoint": "search_merchants",
  "method": "GET",
  "timestamp": "2025-10-24T12:44:19.232Z",
  "status_code": 200,
  "request": {
    "params": {
      "lat": 24.59684724142691,
      "lon": 46.67517745620113,
      "query": "Wendy's",
      "operationArea": "SA_Riyadh"
    },
    "url": "https://app.toyou.delivery/search/v12/c3-search",
    "query": "Wendy's"
  },
  "response": {
    "c3": {
      "blocks": [
        {
          "id": "9330cd5f-33b7-4109-a1c1-4a13c1d99b7f",
          "kind": "SCROLL",
          "background": "#ffffff",
          "itemHeight": {
            "absolute": 36
          },
          "alwaysStaysOnTop": true,
          "items": [
            {
              "id": "f50ab5b7-8cf8-48c5-8783-01b391c2de1b",
              "kind": "CAPSULE",
              "action": "https://app.toyou.delivery/c3/scrollToBlock?targetKind=SELECT_SEARCH_RESULT_TAB&targetSubKind=MERCHANTS&blockId=9c08ff2a-357a-4612-bbe4-235db3d5129c",
              "background": {
                "color": "#EDF7EE",
                "cornerRadius": 12,
                "border": {
                  "color": "#F1F2F4",
                  "width": 1
                }
              },
              "state": "SELECTED",
              "text": {
                "text": "Merchants (1)",
                "color": "#2D3239",
                "numberOfLines": 1,
                "alignment": "LEADING",
                "style": "BODY_MEDIUM"
              },
              "selection": {
                "backgroundColor": "#7BC580",
                "textColor": "#FFFFFF"
              }
            },
            {
              "id": "3dd375c8-4a24-4005-b577-e8fc3b84c8c6",
              "kind": "CAPSULE",
              "action": "https://app.toyou.delivery/c3/scrollToBlock?targetKind=SELECT_SEARCH_RESULT_TAB&targetSubKind=PRODUCTS&blockId=b4142b8c-85de-4d76-b109-d913f1aa9401",
              "background": {
                "color": "#EDF7EE",
                "cornerRadius": 12,
                "border": {
                  "color": "#F1F2F4",
                  "width": 1
                }
              },
              "state": null,
              "text": {
                "text": "Products (7)",
                "color": "#2D3239",
                "numberOfLines": 1,
                "alignment": "LEADING",
                "style": "BODY_MEDIUM"
              },
              "selection": {
                "backgroundColor": "#7BC580",
                "textColor": "#FFFFFF"
              }
            }
          ]
        },
        {
          "id": "9c08ff2a-357a-4612-bbe4-235db3d5129c",
          "kind": "TITLE",
          "text": {
            "color": "#2D3239",
            "text": "Merchants",
            "style": "HEADLINE_MEDIUM",
            "alignment": "LEADING"
          }
        },
        {
          "id": "d5a9c207-70b2-46e1-bbbc-e63e008dc7ff",
          "kind": "GRID",
          "background": "#ffffff",
          "itemHeight": "AUTOMATIC",
          "columns": 1,
          "items": [
            {
              "id": "e6fd50b6-fc81-484d-98de-66ab399eae82",
              "kind": "MERCHANT",
              "action": "https://app.toyou.delivery/catalog/merchant?targetKind=OPEN_MERCHANT&targetSubKind=REGULAR_MERCHANT_PRODUCTS&targetId=a945bdff-caac-4106-bc09-8af2c43c0f5e&merchantId=a945bdff-caac-4106-bc09-8af2c43c0f5e",
              "merchant": {
                "uiKind": "COMPACT_NON_CUSTOMIZABLE",
                "id": "a945bdff-caac-4106-bc09-8af2c43c0f5e",
                "name": "Wendys",
                "rating": 4.448275862068965,
                "backgroundImage": "https://res.cloudinary.com/dglgkomis/image/upload/v1751380358/merchants/hvukgi5vgovnpquuh8tl.jpg",
                "logoImage": "https://res.cloudinary.com/dglgkomis/image/upload/v1744032434/merchants/yv5rclbscrevqpquheik.jpg",
                "isOnlyScheduledOrders": false,
                "isClosed": false,
                "delivery": {
                  "distance": 3237.005954357911,
                  "etaMin": 2520,
                  "etaMax": 3060
                },
                "fees": {
                  "currency": "SAR",
                  "delivery": 18,
                  "deliveryDiscounted": 0,
                  "deliveryDiscountName": "Free Delivery with promo code"
                },
                "subscription": {
                  "available": [
                    {
                      "color": "#003462",
                      "name": "Premium"
                    }
                  ]
                },
                "loyaltyRewardInfo": {
                  "loyaltyLevel": "TIER_2",
                  "points": "12",
                  "pointsPerSarValue": 12,
                  "pointsBadgeDescription": "per SAR"
                },
                "promoLabels": [
                  {
                    "text": {
                      "text": "Up to 44% Off",
                      "numberOfLines": 1,
                      "alignment": "CENTER",
                      "color": "#FFFFFF",
                      "size": 12,
                      "weight": "MEDIUM",
                      "style": "BODY_MEDIUM"
                    },
                    "background": {
                      "color": "#F83373",
                      "border": {
                        "color": "#F83373",
                        "width": 1.2
                      },
                      "cornerRadius": 5
                    }
                  }
                ]
              },
              "analyticsData": {
                "sectionProperties": {
                  "section": "MERCHANT",
                  "position": 0
                }
              },
              "digital": false
            }
          ]
        },
        {
          "id": "b4142b8c-85de-4d76-b109-d913f1aa9401",
          "kind": "TITLE",
          "text": {
            "color": "#2D3239",
            "text": "Products",
            "style": "HEADLINE_MEDIUM",
            "alignment": "LEADING"
          }
        },
        {
          "id": "37a39025-6c5f-4e29-ac9e-f90456b4c9e4",
          "kind": "GRID",
          "background": "#ffffff",
          "itemHeight": "AUTOMATIC",
          "columns": 1,
          "items": [
            {
              "id": "f85deb78-b6bf-4c34-85a6-0f8d45e4a409",
              "kind": "MERCHANT",
              "action": "https://app.toyou.delivery/catalog/merchant?targetKind=OPEN_MERCHANT&targetSubKind=REGULAR_MERCHANT_PRODUCTS&targetId=a945bdff-caac-4106-bc09-8af2c43c0f5e&merchantId=a945bdff-caac-4106-bc09-8af2c43c0f5e",
              "merchant": {
                "uiKind": "LITE",
                "id": "a945bdff-caac-4106-bc09-8af2c43c0f5e",
                "name": "Wendys",
                "rating": 4.448275862068965,
                "backgroundImage": "https://res.cloudinary.com/dglgkomis/image/upload/v1751380358/merchants/hvukgi5vgovnpquuh8tl.jpg",
                "logoImage": "https://res.cloudinary.com/dglgkomis/image/upload/v1744032434/merchants/yv5rclbscrevqpquheik.jpg",
                "isOnlyScheduledOrders": false,
                "isClosed": false,
                "delivery": {
                  "distance": 3237.005954357911,
                  "etaMin": 2520,
                  "etaMax": 3060
                },
                "fees": {
                  "currency": "SAR",
                  "delivery": 18,
                  "deliveryDiscounted": 0,
                  "deliveryDiscountName": "Free Delivery with promo code"
                },
                "subscription": {
                  "available": [
                    {
                      "color": "#003462",
                      "name": "Premium"
                    }
                  ]
                },
                "loyaltyRewardInfo": {
                  "loyaltyLevel": "TIER_2",
                  "points": "12",
                  "pointsPerSarValue": 12,
                  "pointsBadgeDescription": "per SAR"
                },
                "promoLabels": [
                  {
                    "text": {
                      "text": "Up to 44% Off",
                      "numberOfLines": 1,
                      "alignment": "CENTER",
                      "color": "#FFFFFF",
                      "size": 12,
                      "weight": "MEDIUM",
                      "style": "BODY_MEDIUM"
                    },
                    "background": {
                      "color": "#F83373",
                      "border": {
                        "color": "#F83373",
                        "width": 1.2
                      },
                      "cornerRadius": 5
                    }
                  }
                ]
              },
              "analyticsData": {
                "sectionProperties": {
                  "section": "PRODUCT",
                  "position": 0
                }
              },
              "digital": false
            }
          ]
        },
        {
          "id": "0f32d85e-7d20-4451-b27b-f69ec53d636f",
          "kind": "SCROLL",
          "background": "#ffffff",
          "visibleCount": 3.3,
          "items": [
            {
              "id": "54a1fc9f-7a9c-4bce-a348-fef80e1d9fab",
              "kind": "PRODUCT",
              "action": "https://app.toyou.delivery/catalog/product?targetKind=OPEN_PRODUCT&targetSubKind=REGULAR_PRODUCT&targetId=5a4de13f-fa5a-49b4-857c-f95bbffa61c5&productId=5a4de13f-fa5a-49b4-857c-f95bbffa61c5",
              "product": {
                "id": "5a4de13f-fa5a-49b4-857c-f95bbffa61c5",
                "favoriteShown": true,
                "image": "https://res.cloudinary.com/dglgkomis/image/upload/v1740056718/products/product-5a4de13f-fa5a-49b4-857c-f95bbffa61c5/x4g7mebfgoxohvyg21iv.jpg",
                "uiKind": "BLOCK",
                "name": {
                  "style": "BODY_MEDIUM",
                  "text": "Wendy's Double Burger",
                  "numberOfLines": 2,
                  "alignment": "LEADING"
                },
                "note": {
                  "style": "BODY_SMALL",
                  "text": "2 100% Australian beef patties with mayo, ketchup, pickles, onion, tomato, lettuce and cheese on a toasted glazed premium bun\n\n(821 calories)\nAllergens: gluten, mustard, soy, eggs, wheat, milk, and celery",
                  "numberOfLines": 2,
                  "alignment": "LEADING"
                },
                "availability": "AVAILABLE",
                "price": {
                  "value": 35,
                  "currency": "SAR"
                },
                "actionButton": {
                  "cartParameters": {
                    "priceUnknown": false
                  },
                  "kind": "ADD_TO_CART",
                  "action": "https://app.toyou.delivery/c3/addProductToCart?targetKind=ADD_TO_CART&targetSubKind=PRODUCT&targetId=5a4de13f-fa5a-49b4-857c-f95bbffa61c5&productId=5a4de13f-fa5a-49b4-857c-f95bbffa61c5&merchantId=a945bdff-caac-4106-bc09-8af2c43c0f5e"
                },
                "isPrepaymentRequired": false,
                "digital": false
              },
              "analyticsData": {
                "sectionProperties": {
                  "section": "PRODUCT",
                  "position": 1
                }
              }
            },
            {
              "id": "8c689659-c010-4ba3-85d8-283429365b5a",
              "kind": "PRODUCT",
              "action": "https://app.toyou.delivery/catalog/product?targetKind=OPEN_PRODUCT&targetSubKind=REGULAR_PRODUCT&targetId=9f84345a-6d41-4f79-87ec-c87ceed943f4&productId=9f84345a-6d41-4f79-87ec-c87ceed943f4",
              "product": {
                "id": "9f84345a-6d41-4f79-87ec-c87ceed943f4",
                "favoriteShown": true,
                "image": "https://res.cloudinary.com/dglgkomis/image/upload/v1740054978/products/product-9f84345a-6d41-4f79-87ec-c87ceed943f4/pzgwpfxspfisgewqimue.jpg",
                "uiKind": "BLOCK",
                "name": {
                  "style": "BODY_MEDIUM",
                  "text": "Wendy's Double Burger Combo",
                  "numberOfLines": 2,
                  "alignment": "LEADING"
                },
                "note": {
                  "style": "BODY_SMALL",
                  "text": "Two 100% Australian beef patties with two slices of American cheese, mayonnaise, ketchup, pickles, onions, tomatoes and Lettuce on a speical toasted glazed bun served with fries and drink",
                  "numberOfLines": 2,
                  "alignment": "LEADING"
                },
                "availability": "AVAILABLE",
                "price": {
                  "value": 40,
                  "currency": "SAR"
                },
                "actionButton": {
                  "cartParameters": {
                    "priceUnknown": false
                  },
                  "kind": "ADD_TO_CART",
                  "action": "https://app.toyou.delivery/c3/addProductToCart?targetKind=ADD_TO_CART&targetSubKind=PRODUCT&targetId=9f84345a-6d41-4f79-87ec-c87ceed943f4&productId=9f84345a-6d41-4f79-87ec-c87ceed943f4&merchantId=a945bdff-caac-4106-bc09-8af2c43c0f5e",
                  "context": {
                    "merchantId": "a945bdff-caac-4106-bc09-8af2c43c0f5e",
                    "name": "Wendy's Double Burger Combo",
                    "options": [
                      {
                        "id": "840245",
                        "name": "Choose your preferred size",
                        "values": [
                          {
                            "id": "3912374",
                            "name": "Regular",
                            "price": 0,
                            "availabilityStatus": "AVAILABLE"
                          },
                          {
                            "id": "3476934",
                            "name": "Medium (1739 cal.)",
                            "price": 5,
                            "availabilityStatus": "AVAILABLE"
                          },
                          {
                            "id": "3476935",
                            "name": "Large (1988 cal.)",
                            "price": 8,
                            "availabilityStatus": "AVAILABLE"
                          }
                        ],
                        "minTotalOptionValueQuantity": 1,
                        "maxTotalOptionValueQuantity": 1,
                        "enableOptionValueQuantity": false
                      },
                      {
                        "id": "840249",
                        "name": "Choose your favorite type of bread",
                        "values": [
                          {
                            "id": "3476942",
                            "name": "Premium bun",
                            "price": 0,
                            "availabilityStatus": "AVAILABLE"
                          },
                          {
                            "id": "3476943",
                            "name": "Protein bun",
                            "price": 2,
                            "availabilityStatus": "AVAILABLE"
                          }
                        ],
                        "minTotalOptionValueQuantity": 1,
                        "maxTotalOptionValueQuantity": 1,
                        "enableOptionValueQuantity": false
                      },
                      {
                        "id": "840258",
                        "name": "Would you like to remove any ingredients?",
                        "values": [
                          {
                            "id": "3476987",
                            "name": "Remove cheese",
                            "price": 0,
                            "availabilityStatus": "AVAILABLE"
                          },
                          {
                            "id": "3476988",
                            "name": "Remove onions",
                            "price": 0,
                            "availabilityStatus": "AVAILABLE"
                          },
                          {
                            "id": "3476989",
                            "name": "Remove mayonnaise",
                            "price": 0,
                            "availabilityStatus": "AVAILABLE"
                          },
                          {
                            "id": "3476990",
                            "name": "Remove pickles",
                            "price": 0,
                            "availabilityStatus": "AVAILABLE"
                          },
                          {
                            "id": "3476991",
                            "name": "Remove lettuce",
                            "price": 0,
                            "availabilityStatus": "AVAILABLE"
                          },
                          {
                            "id": "3476992",
                            "name": "Remove tomato",
                            "price": 0,
                            "availabilityStatus": "AVAILABLE"
                          },
                          {
                            "id": "3476993",
                            "name": "Remove ketchup",
                            "price": 0,
                            "availabilityStatus": "AVAILABLE"
                          }
                        ],
                        "minTotalOptionValueQuantity": 0,
                        "maxTotalOptionValueQuantity": 7,
                        "enableOptionValueQuantity": false
                      },
                      {
                        "id": "840253",
                        "name": "Would you like to add any ingredients?",
                        "values": [
                          {
                            "id": "3476963",
                            "name": "Add 1 extra patty 2oz",
                            "price": 4,
                            "availabilityStatus": "AVAILABLE"
                          },
                          {
                            "id": "3476964",
                            "name": "Add 1 extra patty 4oz",
                            "price": 9,
                            "availabilityStatus": "AVAILABLE"
                          },
                          {
                            "id": "3476965",
                            "name": "Add 2 extra patties 2oz",
                            "price": 8,
                            "availabilityStatus": "AVAILABLE"
                          },
                          {
                            "id": "3476966",
                            "name": "Add 2 extra patties 4oz",
                            "price": 18,
                            "availabilityStatus": "AVAILABLE"
                          },
                          {
                            "id": "3476967",
                            "name": "Add extra beef bacon",
                            "price": 4,
                            "availabilityStatus": "AVAILABLE"
                          },
                          {
                            "id": "3476968",
                            "name": "Add extra cheese",
                            "price": 2,
                            "availabilityStatus": "AVAILABLE"
                          },
                          {
                            "id": "4161592",
                            "name": "Add mustard",
                            "price": 0,
                            "availabilityStatus": "AVAILABLE"
                          }
                        ],
                        "minTotalOptionValueQuantity": 0,
                        "maxTotalOptionValueQuantity": 6,
                        "enableOptionValueQuantity": false
                      },
                      {
                        "id": "840250",
                        "name": "How would you like your order?",
                        "values": [
                          {
                            "id": "3476944",
                            "name": "Natural cut fries",
                            "price": 0,
                            "availabilityStatus": "AVAILABLE"
                          },
                          {
                            "id": "3806733",
                            "name": "Spicy fries",
                            "price": 2,
                            "availabilityStatus": "AVAILABLE"
                          },
                          {
                            "id": "3476945",
                            "name": "Cheese fries",
                            "price": 11,
                            "availabilityStatus": "AVAILABLE"
                          },
                          {
                            "id": "4406291",
                            "name": "Cheese fries and chili beef",
                            "price": 2,
                            "availabilityStatus": "AVAILABLE"
                          }
                        ],
                        "minTotalOptionValueQuantity": 1,
                        "maxTotalOptionValueQuantity": 1,
                        "enableOptionValueQuantity": false
                      },
                      {
                        "id": "840251",
                        "name": "Choose your favorite drink",
                        "values": [
                          {
                            "id": "3476947",
                            "name": "Pepsi",
                            "price": 0,
                            "availabilityStatus": "AVAILABLE"
                          },
                          {
                            "id": "3476948",
                            "name": "Diet Pepsi",
                            "price": 0,
                            "availabilityStatus": "AVAILABLE"
                          },
                          {
                            "id": "3476949",
                            "name": "Mountain Dew",
                            "price": 0,
                            "availabilityStatus": "AVAILABLE"
                          },
                          {
                            "id": "3476950",
                            "name": "7Up",
                            "price": 0,
                            "availabilityStatus": "AVAILABLE"
                          },
                          {
                            "id": "3476951",
                            "name": "Mirinda Orange",
                            "price": 0,
                            "availabilityStatus": "AVAILABLE"
                          },
                          {
                            "id": "3476953",
                            "name": "Water",
                            "price": 0,
                            "availabilityStatus": "AVAILABLE"
                          },
                          {
                            "id": "3476952",
                            "name": "Iced tea",
                            "price": 1,
                            "availabilityStatus": "AVAILABLE"
                          }
                        ],
                        "minTotalOptionValueQuantity": 1,
                        "maxTotalOptionValueQuantity": 1,
                        "enableOptionValueQuantity": false
                      },
                      {
                        "id": "840255",
                        "name": "Would you like to add any ingredients?",
                        "values": [
                          {
                            "id": "3476971",
                            "name": "Small Vanilla Frosty",
                            "price": 8,
                            "availabilityStatus": "AVAILABLE"
                          },
                          {
                            "id": "3476972",
                            "name": "Small Chocolate Frosty",
                            "price": 8,
                            "availabilityStatus": "AVAILABLE"
                          },
                          {
                            "id": "3476973",
                            "name": "Medium Vanilla Frosty",
                            "price": 11,
                            "availabilityStatus": "AVAILABLE"
                          },
                          {
                            "id": "3476974",
                            "name": "Medium Chocolate Frosty",
                            "price": 11,
                            "availabilityStatus": "AVAILABLE"
                          }
                        ],
                        "minTotalOptionValueQuantity": 0,
                        "maxTotalOptionValueQuantity": 4,
                        "enableOptionValueQuantity": false
                      },
                      {
                        "id": "840256",
                        "name": "Would you like to add any ingredients?",
                        "values": [
                          {
                            "id": "3476975",
                            "name": "5 pcs chili cheese nuggets",
                            "price": 12,
                            "availabilityStatus": "AVAILABLE"
                          },
                          {
                            "id": "3476976",
                            "name": "Boneless wings",
                            "price": 20,
                            "availabilityStatus": "AVAILABLE"
                          },
                          {
                            "id": "3476977",
                            "name": "6 pcs chicken nuggets",
                            "price": 12,
                            "availabilityStatus": "AVAILABLE"
                          },
                          {
                            "id": "3476978",
                            "name": "Onion rings",
                            "price": 12,
                            "availabilityStatus": "AVAILABLE"
                          },
                          {
                            "id": "3476979",
                            "name": "10 pcs chicken nuggets",
                            "price": 16,
                            "availabilityStatus": "AVAILABLE"
                          }
                        ],
                        "minTotalOptionValueQuantity": 0,
                        "maxTotalOptionValueQuantity": 5,
                        "enableOptionValueQuantity": false
                      },
                      {
                        "id": "840257",
                        "name": "Choose your favorite sauce",
                        "values": [
                          {
                            "id": "3476980",
                            "name": "BBQ sauce",
                            "price": 2,
                            "availabilityStatus": "AVAILABLE"
                          },
                          {
                            "id": "3476981",
                            "name": "Mayonnaise",
                            "price": 2,
                            "availabilityStatus": "AVAILABLE"
                          },
                          {
                            "id": "3476982",
                            "name": "Italian dressing",
                            "price": 2,
                            "availabilityStatus": "AVAILABLE"
                          },
                          {
                            "id": "3476983",
                            "name": "Hot buffalo sauce",
                            "price": 2,
                            "availabilityStatus": "AVAILABLE"
                          },
                          {
                            "id": "3476984",
                            "name": "Cheese sauce",
                            "price": 2,
                            "availabilityStatus": "AVAILABLE"
                          },
                          {
                            "id": "3476985",
                            "name": "Sweet chili sauce",
                            "price": 2,
                            "availabilityStatus": "AVAILABLE"
                          },
                          {
                            "id": "3476986",
                            "name": "Caeser sauce",
                            "price": 2,
                            "availabilityStatus": "AVAILABLE"
                          }
                        ],
                        "minTotalOptionValueQuantity": 0,
                        "maxTotalOptionValueQuantity": 7,
                        "enableOptionValueQuantity": false
                      }
                    ],
                    "price": 40,
                    "currency": "SAR",
                    "image": "https://res.cloudinary.com/dglgkomis/image/upload/v1740054978/products/product-9f84345a-6d41-4f79-87ec-c87ceed943f4/pzgwpfxspfisgewqimue.jpg",
                    "availabilityStatus": "AVAILABLE"
                  }
                },
                "isPrepaymentRequired": false,
                "digital": false
              },
              "analyticsData": {
                "sectionProperties": {
                  "section": "PRODUCT",
                  "position": 2
                }
              }
            },
            {
              "id": "f5119d4c-7fb2-4931-b537-6c28163485e7",
              "kind": "PRODUCT",
              "action": "https://app.toyou.delivery/catalog/product?targetKind=OPEN_PRODUCT&targetSubKind=REGULAR_PRODUCT&targetId=e850373d-59ee-4677-8d94-ea9e0cf2bc6b&productId=e850373d-59ee-4677-8d94-ea9e0cf2bc6b",
              "product": {
                "id": "e850373d-59ee-4677-8d94-ea9e0cf2bc6b",
                "favoriteShown": true,
                "image": "https://res.cloudinary.com/dglgkomis/image/upload/v1740056734/products/product-e850373d-59ee-4677-8d94-ea9e0cf2bc6b/sovmpl1k44dwcb3dsuwl.jpg",
                "uiKind": "BLOCK",
                "name": {
                  "style": "BODY_MEDIUM",
                  "text": "Wendy's Single Burger",
                  "numberOfLines": 2,
                  "alignment": "LEADING"
                },
                "note": {
                  "style": "BODY_SMALL",
                  "text": "Two 100% Australian beef patties with two slices of American cheese, mayo, ketchup, pickles, onions, tomatoes and lettuce on a special toasted glazed premium bun\n\n(580 calories)\nAllergens: gluten, mustard, soy, eggs, wheat, milk, and celery",
                  "numberOfLines": 2,
                  "alignment": "LEADING"
                },
                "availability": "AVAILABLE",
                "price": {
                  "value": 26,
                  "currency": "SAR"
                },
                "actionButton": {
                  "cartParameters": {
                    "priceUnknown": false
                  },
                  "kind": "ADD_TO_CART",
                  "action": "https://app.toyou.delivery/c3/addProductToCart?targetKind=ADD_TO_CART&targetSubKind=PRODUCT&targetId=e850373d-59ee-4677-8d94-ea9e0cf2bc6b&productId=e850373d-59ee-4677-8d94-ea9e0cf2bc6b&merchantId=a945bdff-caac-4106-bc09-8af2c43c0f5e"
                },
                "isPrepaymentRequired": false,
                "digital": false
              },
              "analyticsData": {
                "sectionProperties": {
                  "section": "PRODUCT",
                  "position": 3
                }
              }
            },
            {
              "id": "a0096529-bda7-4c90-bec4-c71beb096f59",
              "kind": "PRODUCT",
              "action": "https://app.toyou.delivery/catalog/product?targetKind=OPEN_PRODUCT&targetSubKind=REGULAR_PRODUCT&targetId=18d0c84a-d1eb-4bf1-9762-571971cc612d&productId=18d0c84a-d1eb-4bf1-9762-571971cc612d",
              "product": {
                "id": "18d0c84a-d1eb-4bf1-9762-571971cc612d",
                "favoriteShown": true,
                "image": "https://res.cloudinary.com/dglgkomis/image/upload/v1740054987/products/product-18d0c84a-d1eb-4bf1-9762-571971cc612d/lm2gbgtivzks9gvfc1ro.jpg",
                "uiKind": "BLOCK",
                "name": {
                  "style": "BODY_MEDIUM",
                  "text": "Wendy's Single Burger Combo",
                  "numberOfLines": 2,
                  "alignment": "LEADING"
                },
                "note": {
                  "style": "BODY_SMALL",
                  "text": "100% Australian beef Patty topped with two slices of American cheese, mayonnaise, ketchup, pickles, onions, tomatoes and Lettuce on a special toasted glazed bun served with fries and drink",
                  "numberOfLines": 2,
                  "alignment": "LEADING"
                },
                "availability": "AVAILABLE",
                "price": {
                  "value": 33,
                  "currency": "SAR"
                },
                "actionButton": {
                  "cartParameters": {
                    "priceUnknown": false
                  },
                  "kind": "ADD_TO_CART",
                  "action": "https://app.toyou.delivery/c3/addProductToCart?targetKind=ADD_TO_CART&targetSubKind=PRODUCT&targetId=18d0c84a-d1eb-4bf1-9762-571971cc612d&productId=18d0c84a-d1eb-4bf1-9762-571971cc612d&merchantId=a945bdff-caac-4106-bc09-8af2c43c0f5e",
                  "context": {
                    "merchantId": "a945bdff-caac-4106-bc09-8af2c43c0f5e",
                    "name": "Wendy's Single Burger Combo",
                    "options": [
                      {
                        "id": "840244",
                        "name": "Choose your preferred size",
                        "values": [
                          {
                            "id": "3912366",
                            "name": "Regular",
                            "price": 0,
                            "availabilityStatus": "AVAILABLE"
                          },
                          {
                            "id": "3476932",
                            "name": "Medium (1498 cal.)",
                            "price": 5,
                            "availabilityStatus": "AVAILABLE"
                          },
                          {
                            "id": "3476933",
                            "name": "Large (1747 cal.)",
                            "price": 9,
                            "availabilityStatus": "AVAILABLE"
                          }
                        ],
                        "minTotalOptionValueQuantity": 1,
                        "maxTotalOptionValueQuantity": 1,
                        "enableOptionValueQuantity": false
                      },
                      {
                        "id": "840249",
                        "name": "Choose your favorite type of bread",
                        "values": [
                          {
                            "id": "3476942",
                            "name": "Premium bun",
                            "price": 0,
                            "availabilityStatus": "AVAILABLE"
                          },
                          {
                            "id": "3476943",
                            "name": "Protein bun",
                            "price": 2,
                            "availabilityStatus": "AVAILABLE"
                          }
                        ],
                        "minTotalOptionValueQuantity": 1,
                        "maxTotalOptionValueQuantity": 1,
                        "enableOptionValueQuantity": false
                      },
                      {
                        "id": "840258",
                        "name": "Would you like to remove any ingredients?",
                        "values": [
                          {
                            "id": "3476987",
                            "name": "Remove cheese",
                            "price": 0,
                            "availabilityStatus": "AVAILABLE"
                          },
                          {
                            "id": "3476988",
                            "name": "Remove onions",
                            "price": 0,
                            "availabilityStatus": "AVAILABLE"
                          },
                          {
                            "id": "3476989",
                            "name": "Remove mayonnaise",
                            "price": 0,
                            "availabilityStatus": "AVAILABLE"
                          },
                          {
                            "id": "3476990",
                            "name": "Remove pickles",
                            "price": 0,
                            "availabilityStatus": "AVAILABLE"
                          },
                          {
                            "id": "3476991",
                            "name": "Remove lettuce",
                            "price": 0,
                            "availabilityStatus": "AVAILABLE"
                          },
                          {
                            "id": "3476992",
                            "name": "Remove tomato",
                            "price": 0,
                            "availabilityStatus": "AVAILABLE"
                          },
                          {
                            "id": "3476993",
                            "name": "Remove ketchup",
                            "price": 0,
                            "availabilityStatus": "AVAILABLE"
                          }
                        ],
                        "minTotalOptionValueQuantity": 0,
                        "maxTotalOptionValueQuantity": 7,
                        "enableOptionValueQuantity": false
                      },
                      {
                        "id": "840253",
                        "name": "Would you like to add any ingredients?",
                        "values": [
                          {
                            "id": "3476963",
                            "name": "Add 1 extra patty 2oz",
                            "price": 4,
                            "availabilityStatus": "AVAILABLE"
                          },
                          {
                            "id": "3476964",
                            "name": "Add 1 extra patty 4oz",
                            "price": 9,
                            "availabilityStatus": "AVAILABLE"
                          },
                          {
                            "id": "3476965",
                            "name": "Add 2 extra patties 2oz",
                            "price": 8,
                            "availabilityStatus": "AVAILABLE"
                          },
                          {
                            "id": "3476966",
                            "name": "Add 2 extra patties 4oz",
                            "price": 18,
                            "availabilityStatus": "AVAILABLE"
                          },
                          {
                            "id": "3476967",
                            "name": "Add extra beef bacon",
                            "price": 4,
                            "availabilityStatus": "AVAILABLE"
                          },
                          {
                            "id": "3476968",
                            "name": "Add extra cheese",
                            "price": 2,
                            "availabilityStatus": "AVAILABLE"
                          },
                          {
                            "id": "4161592",
                            "name": "Add mustard",
                            "price": 0,
                            "availabilityStatus": "AVAILABLE"
                          }
                        ],
                        "minTotalOptionValueQuantity": 0,
                        "maxTotalOptionValueQuantity": 6,
                        "enableOptionValueQuantity": false
                      },
                      {
                        "id": "840250",
                        "name": "How would you like your order?",
                        "values": [
                          {
                            "id": "3476944",
                            "name": "Natural cut fries",
                            "price": 0,
                            "availabilityStatus": "AVAILABLE"
                          },
                          {
                            "id": "3806733",
                            "name": "Spicy fries",
                            "price": 2,
                            "availabilityStatus": "AVAILABLE"
                          },
                          {
                            "id": "3476945",
                            "name": "Cheese fries",
                            "price": 11,
                            "availabilityStatus": "AVAILABLE"
                          },
                          {
                            "id": "4406291",
                            "name": "Cheese fries and chili beef",
                            "price": 2,
                            "availabilityStatus": "AVAILABLE"
                          }
                        ],
                        "minTotalOptionValueQuantity": 1,
                        "maxTotalOptionValueQuantity": 1,
                        "enableOptionValueQuantity": false
                      },
                      {
                        "id": "840251",
                        "name": "Choose your favorite drink",
                        "values": [
                          {
                            "id": "3476947",
                            "name": "Pepsi",
                            "price": 0,
                            "availabilityStatus": "AVAILABLE"
                          },
                          {
                            "id": "3476948",
                            "name": "Diet Pepsi",
                            "price": 0,
                            "availabilityStatus": "AVAILABLE"
                          },
                          {
                            "id": "3476949",
                            "name": "Mountain Dew",
                            "price": 0,
                            "availabilityStatus": "AVAILABLE"
                          },
                          {
                            "id": "3476950",
                            "name": "7Up",
                            "price": 0,
                            "availabilityStatus": "AVAILABLE"
                          },
                          {
                            "id": "3476951",
                            "name": "Mirinda Orange",
                            "price": 0,
                            "availabilityStatus": "AVAILABLE"
                          },
                          {
                            "id": "3476953",
                            "name": "Water",
                            "price": 0,
                            "availabilityStatus": "AVAILABLE"
                          },
                          {
                            "id": "3476952",
                            "name": "Iced tea",
                            "price": 1,
                            "availabilityStatus": "AVAILABLE"
                          }
                        ],
                        "minTotalOptionValueQuantity": 1,
                        "maxTotalOptionValueQuantity": 1,
                        "enableOptionValueQuantity": false
                      },
                      {
                        "id": "840255",
                        "name": "Would you like to add any ingredients?",
                        "values": [
                          {
                            "id": "3476971",
                            "name": "Small Vanilla Frosty",
                            "price": 8,
                            "availabilityStatus": "AVAILABLE"
                          },
                          {
                            "id": "3476972",
                            "name": "Small Chocolate Frosty",
                            "price": 8,
                            "availabilityStatus": "AVAILABLE"
                          },
                          {
                            "id": "3476973",
                            "name": "Medium Vanilla Frosty",
                            "price": 11,
                            "availabilityStatus": "AVAILABLE"
                          },
                          {
                            "id": "3476974",
                            "name": "Medium Chocolate Frosty",
                            "price": 11,
                            "availabilityStatus": "AVAILABLE"
                          }
                        ],
                        "minTotalOptionValueQuantity": 0,
                        "maxTotalOptionValueQuantity": 4,
                        "enableOptionValueQuantity": false
                      },
                      {
                        "id": "840256",
                        "name": "Would you like to add any ingredients?",
                        "values": [
                          {
                            "id": "3476975",
                            "name": "5 pcs chili cheese nuggets",
                            "price": 12,
                            "availabilityStatus": "AVAILABLE"
                          },
                          {
                            "id": "3476976",
                            "name": "Boneless wings",
                            "price": 20,
                            "availabilityStatus": "AVAILABLE"
                          },
                          {
                            "id": "3476977",
                            "name": "6 pcs chicken nuggets",
                            "price": 12,
                            "availabilityStatus": "AVAILABLE"
                          },
                          {
                            "id": "3476978",
                            "name": "Onion rings",
                            "price": 12,
                            "availabilityStatus": "AVAILABLE"
                          },
                          {
                            "id": "3476979",
                            "name": "10 pcs chicken nuggets",
                            "price": 16,
                            "availabilityStatus": "AVAILABLE"
                          }
                        ],
                        "minTotalOptionValueQuantity": 0,
                        "maxTotalOptionValueQuantity": 5,
                        "enableOptionValueQuantity": false
                      },
                      {
                        "id": "840257",
                        "name": "Choose your favorite sauce",
                        "values": [
                          {
                            "id": "3476980",
                            "name": "BBQ sauce",
                            "price": 2,
                            "availabilityStatus": "AVAILABLE"
                          },
                          {
                            "id": "3476981",
                            "name": "Mayonnaise",
                            "price": 2,
                            "availabilityStatus": "AVAILABLE"
                          },
                          {
                            "id": "3476982",
                            "name": "Italian dressing",
                            "price": 2,
                            "availabilityStatus": "AVAILABLE"
                          },
                          {
                            "id": "3476983",
                            "name": "Hot buffalo sauce",
                            "price": 2,
                            "availabilityStatus": "AVAILABLE"
                          },
                          {
                            "id": "3476984",
                            "name": "Cheese sauce",
                            "price": 2,
                            "availabilityStatus": "AVAILABLE"
                          },
                          {
                            "id": "3476985",
                            "name": "Sweet chili sauce",
                            "price": 2,
                            "availabilityStatus": "AVAILABLE"
                          },
                          {
                            "id": "3476986",
                            "name": "Caeser sauce",
                            "price": 2,
                            "availabilityStatus": "AVAILABLE"
                          }
                        ],
                        "minTotalOptionValueQuantity": 0,
                        "maxTotalOptionValueQuantity": 7,
                        "enableOptionValueQuantity": false
                      }
                    ],
                    "price": 33,
                    "currency": "SAR",
                    "image": "https://res.cloudinary.com/dglgkomis/image/upload/v1740054987/products/product-18d0c84a-d1eb-4bf1-9762-571971cc612d/lm2gbgtivzks9gvfc1ro.jpg",
                    "availabilityStatus": "AVAILABLE"
                  }
                },
                "isPrepaymentRequired": false,
                "digital": false
              },
              "analyticsData": {
                "sectionProperties": {
                  "section": "PRODUCT",
                  "position": 4
                }
              }
            },
            {
              "id": "542745c0-a58f-408c-a197-86501704bd8d",
              "kind": "PRODUCT",
              "action": "https://app.toyou.delivery/catalog/product?targetKind=OPEN_PRODUCT&targetSubKind=REGULAR_PRODUCT&targetId=ac29435f-a842-4874-aed7-91ab218cb9e5&productId=ac29435f-a842-4874-aed7-91ab218cb9e5",
              "product": {
                "id": "ac29435f-a842-4874-aed7-91ab218cb9e5",
                "favoriteShown": true,
                "image": "https://res.cloudinary.com/dglgkomis/image/upload/v1740056773/products/product-ac29435f-a842-4874-aed7-91ab218cb9e5/robltflyq6o0l1tb2y08.jpg",
                "uiKind": "BLOCK",
                "name": {
                  "style": "BODY_MEDIUM",
                  "text": "Wendy's Triple Burger",
                  "numberOfLines": 2,
                  "alignment": "LEADING"
                },
                "note": {
                  "style": "BODY_SMALL",
                  "text": "Three 100% Australian beef patties with three slices of American cheese, mayo, ketchup, pickles, onions, tomatoes and Lettuce on a special toasted glazed premium bun\n\n(1100 calories)\nAllergens: gluten, mustard, soy, eggs, wheat, milk, and celery",
                  "numberOfLines": 2,
                  "alignment": "LEADING"
                },
                "availability": "AVAILABLE",
                "price": {
                  "value": 42,
                  "currency": "SAR"
                },
                "actionButton": {
                  "cartParameters": {
                    "priceUnknown": false
                  },
                  "kind": "ADD_TO_CART",
                  "action": "https://app.toyou.delivery/c3/addProductToCart?targetKind=ADD_TO_CART&targetSubKind=PRODUCT&targetId=ac29435f-a842-4874-aed7-91ab218cb9e5&productId=ac29435f-a842-4874-aed7-91ab218cb9e5&merchantId=a945bdff-caac-4106-bc09-8af2c43c0f5e"
                },
                "isPrepaymentRequired": false,
                "digital": false
              },
              "analyticsData": {
                "sectionProperties": {
                  "section": "PRODUCT",
                  "position": 5
                }
              }
            },
            {
              "id": "4a79ef0d-c0fc-452b-8ca7-3702a7803bf2",
              "kind": "PRODUCT",
              "action": "https://app.toyou.delivery/catalog/product?targetKind=OPEN_PRODUCT&targetSubKind=REGULAR_PRODUCT&targetId=b6e6bfeb-71d9-4937-88c0-91dab901e326&productId=b6e6bfeb-71d9-4937-88c0-91dab901e326",
              "product": {
                "id": "b6e6bfeb-71d9-4937-88c0-91dab901e326",
                "favoriteShown": true,
                "image": "https://res.cloudinary.com/dglgkomis/image/upload/v1740054994/products/product-b6e6bfeb-71d9-4937-88c0-91dab901e326/nvtcc74q9ikyh7fqbwta.jpg",
                "uiKind": "BLOCK",
                "name": {
                  "style": "BODY_MEDIUM",
                  "text": "Wendy's Triple Burger Combo",
                  "numberOfLines": 2,
                  "alignment": "LEADING"
                },
                "note": {
                  "style": "BODY_SMALL",
                  "text": "Three 100% Australian beef patties with three slices of American cheese, mayonnaise, ketchup, pickles, onions, tomatoes and Lettuce on a special toasted glazed bun served with fries and drink",
                  "numberOfLines": 2,
                  "alignment": "LEADING"
                },
                "availability": "AVAILABLE",
                "price": {
                  "value": 50,
                  "currency": "SAR"
                },
                "actionButton": {
                  "cartParameters": {
                    "priceUnknown": false
                  },
                  "kind": "ADD_TO_CART",
                  "action": "https://app.toyou.delivery/c3/addProductToCart?targetKind=ADD_TO_CART&targetSubKind=PRODUCT&targetId=b6e6bfeb-71d9-4937-88c0-91dab901e326&productId=b6e6bfeb-71d9-4937-88c0-91dab901e326&merchantId=a945bdff-caac-4106-bc09-8af2c43c0f5e",
                  "context": {
                    "merchantId": "a945bdff-caac-4106-bc09-8af2c43c0f5e",
                    "name": "Wendy's Triple Burger Combo",
                    "options": [
                      {
                        "id": "840248",
                        "name": "Choose your preferred size",
                        "values": [
                          {
                            "id": "3912379",
                            "name": "Regular",
                            "price": 0,
                            "availabilityStatus": "AVAILABLE"
                          },
                          {
                            "id": "3476940",
                            "name": "Medium (2028 cal.)",
                            "price": 5,
                            "availabilityStatus": "AVAILABLE"
                          },
                          {
                            "id": "3476941",
                            "name": "Large (2277 cal.)",
                            "price": 8,
                            "availabilityStatus": "AVAILABLE"
                          }
                        ],
                        "minTotalOptionValueQuantity": 1,
                        "maxTotalOptionValueQuantity": 1,
                        "enableOptionValueQuantity": false
                      },
                      {
                        "id": "840249",
                        "name": "Choose your favorite type of bread",
                        "values": [
                          {
                            "id": "3476942",
                            "name": "Premium bun",
                            "price": 0,
                            "availabilityStatus": "AVAILABLE"
                          },
                          {
                            "id": "3476943",
                            "name": "Protein bun",
                            "price": 2,
                            "availabilityStatus": "AVAILABLE"
                          }
                        ],
                        "minTotalOptionValueQuantity": 1,
                        "maxTotalOptionValueQuantity": 1,
                        "enableOptionValueQuantity": false
                      },
                      {
                        "id": "840258",
                        "name": "Would you like to remove any ingredients?",
                        "values": [
                          {
                            "id": "3476987",
                            "name": "Remove cheese",
                            "price": 0,
                            "availabilityStatus": "AVAILABLE"
                          },
                          {
                            "id": "3476988",
                            "name": "Remove onions",
                            "price": 0,
                            "availabilityStatus": "AVAILABLE"
                          },
                          {
                            "id": "3476989",
                            "name": "Remove mayonnaise",
                            "price": 0,
                            "availabilityStatus": "AVAILABLE"
                          },
                          {
                            "id": "3476990",
                            "name": "Remove pickles",
                            "price": 0,
                            "availabilityStatus": "AVAILABLE"
                          },
                          {
                            "id": "3476991",
                            "name": "Remove lettuce",
                            "price": 0,
                            "availabilityStatus": "AVAILABLE"
                          },
                          {
                            "id": "3476992",
                            "name": "Remove tomato",
                            "price": 0,
                            "availabilityStatus": "AVAILABLE"
                          },
                          {
                            "id": "3476993",
                            "name": "Remove ketchup",
                            "price": 0,
                            "availabilityStatus": "AVAILABLE"
                          }
                        ],
                        "minTotalOptionValueQuantity": 0,
                        "maxTotalOptionValueQuantity": 7,
                        "enableOptionValueQuantity": false
                      },
                      {
                        "id": "840253",
                        "name": "Would you like to add any ingredients?",
                        "values": [
                          {
                            "id": "3476963",
                            "name": "Add 1 extra patty 2oz",
                            "price": 4,
                            "availabilityStatus": "AVAILABLE"
                          },
                          {
                            "id": "3476964",
                            "name": "Add 1 extra patty 4oz",
                            "price": 9,
                            "availabilityStatus": "AVAILABLE"
                          },
                          {
                            "id": "3476965",
                            "name": "Add 2 extra patties 2oz",
                            "price": 8,
                            "availabilityStatus": "AVAILABLE"
                          },
                          {
                            "id": "3476966",
                            "name": "Add 2 extra patties 4oz",
                            "price": 18,
                            "availabilityStatus": "AVAILABLE"
                          },
                          {
                            "id": "3476967",
                            "name": "Add extra beef bacon",
                            "price": 4,
                            "availabilityStatus": "AVAILABLE"
                          },
                          {
                            "id": "3476968",
                            "name": "Add extra cheese",
                            "price": 2,
                            "availabilityStatus": "AVAILABLE"
                          },
                          {
                            "id": "4161592",
                            "name": "Add mustard",
                            "price": 0,
                            "availabilityStatus": "AVAILABLE"
                          }
                        ],
                        "minTotalOptionValueQuantity": 0,
                        "maxTotalOptionValueQuantity": 6,
                        "enableOptionValueQuantity": false
                      },
                      {
                        "id": "840250",
                        "name": "How would you like your order?",
                        "values": [
                          {
                            "id": "3476944",
                            "name": "Natural cut fries",
                            "price": 0,
                            "availabilityStatus": "AVAILABLE"
                          },
                          {
                            "id": "3806733",
                            "name": "Spicy fries",
                            "price": 2,
                            "availabilityStatus": "AVAILABLE"
                          },
                          {
                            "id": "3476945",
                            "name": "Cheese fries",
                            "price": 11,
                            "availabilityStatus": "AVAILABLE"
                          },
                          {
                            "id": "4406291",
                            "name": "Cheese fries and chili beef",
                            "price": 2,
                            "availabilityStatus": "AVAILABLE"
                          }
                        ],
                        "minTotalOptionValueQuantity": 1,
                        "maxTotalOptionValueQuantity": 1,
                        "enableOptionValueQuantity": false
                      },
                      {
                        "id": "840251",
                        "name": "Choose your favorite drink",
                        "values": [
                          {
                            "id": "3476947",
                            "name": "Pepsi",
                            "price": 0,
                            "availabilityStatus": "AVAILABLE"
                          },
                          {
                            "id": "3476948",
                            "name": "Diet Pepsi",
                            "price": 0,
                            "availabilityStatus": "AVAILABLE"
                          },
                          {
                            "id": "3476949",
                            "name": "Mountain Dew",
                            "price": 0,
                            "availabilityStatus": "AVAILABLE"
                          },
                          {
                            "id": "3476950",
                            "name": "7Up",
                            "price": 0,
                            "availabilityStatus": "AVAILABLE"
                          },
                          {
                            "id": "3476951",
                            "name": "Mirinda Orange",
                            "price": 0,
                            "availabilityStatus": "AVAILABLE"
                          },
                          {
                            "id": "3476953",
                            "name": "Water",
                            "price": 0,
                            "availabilityStatus": "AVAILABLE"
                          },
                          {
                            "id": "3476952",
                            "name": "Iced tea",
                            "price": 1,
                            "availabilityStatus": "AVAILABLE"
                          }
                        ],
                        "minTotalOptionValueQuantity": 1,
                        "maxTotalOptionValueQuantity": 1,
                        "enableOptionValueQuantity": false
                      },
                      {
                        "id": "840255",
                        "name": "Would you like to add any ingredients?",
                        "values": [
                          {
                            "id": "3476971",
                            "name": "Small Vanilla Frosty",
                            "price": 8,
                            "availabilityStatus": "AVAILABLE"
                          },
                          {
                            "id": "3476972",
                            "name": "Small Chocolate Frosty",
                            "price": 8,
                            "availabilityStatus": "AVAILABLE"
                          },
                          {
                            "id": "3476973",
                            "name": "Medium Vanilla Frosty",
                            "price": 11,
                            "availabilityStatus": "AVAILABLE"
                          },
                          {
                            "id": "3476974",
                            "name": "Medium Chocolate Frosty",
                            "price": 11,
                            "availabilityStatus": "AVAILABLE"
                          }
                        ],
                        "minTotalOptionValueQuantity": 0,
                        "maxTotalOptionValueQuantity": 4,
                        "enableOptionValueQuantity": false
                      },
                      {
                        "id": "840256",
                        "name": "Would you like to add any ingredients?",
                        "values": [
                          {
                            "id": "3476975",
                            "name": "5 pcs chili cheese nuggets",
                            "price": 12,
                            "availabilityStatus": "AVAILABLE"
                          },
                          {
                            "id": "3476976",
                            "name": "Boneless wings",
                            "price": 20,
                            "availabilityStatus": "AVAILABLE"
                          },
                          {
                            "id": "3476977",
                            "name": "6 pcs chicken nuggets",
                            "price": 12,
                            "availabilityStatus": "AVAILABLE"
                          },
                          {
                            "id": "3476978",
                            "name": "Onion rings",
                            "price": 12,
                            "availabilityStatus": "AVAILABLE"
                          },
                          {
                            "id": "3476979",
                            "name": "10 pcs chicken nuggets",
                            "price": 16,
                            "availabilityStatus": "AVAILABLE"
                          }
                        ],
                        "minTotalOptionValueQuantity": 0,
                        "maxTotalOptionValueQuantity": 5,
                        "enableOptionValueQuantity": false
                      },
                      {
                        "id": "840257",
                        "name": "Choose your favorite sauce",
                        "values": [
                          {
                            "id": "3476980",
                            "name": "BBQ sauce",
                            "price": 2,
                            "availabilityStatus": "AVAILABLE"
                          },
                          {
                            "id": "3476981",
                            "name": "Mayonnaise",
                            "price": 2,
                            "availabilityStatus": "AVAILABLE"
                          },
                          {
                            "id": "3476982",
                            "name": "Italian dressing",
                            "price": 2,
                            "availabilityStatus": "AVAILABLE"
                          },
                          {
                            "id": "3476983",
                            "name": "Hot buffalo sauce",
                            "price": 2,
                            "availabilityStatus": "AVAILABLE"
                          },
                          {
                            "id": "3476984",
                            "name": "Cheese sauce",
                            "price": 2,
                            "availabilityStatus": "AVAILABLE"
                          },
                          {
                            "id": "3476985",
                            "name": "Sweet chili sauce",
                            "price": 2,
                            "availabilityStatus": "AVAILABLE"
                          },
                          {
                            "id": "3476986",
                            "name": "Caeser sauce",
                            "price": 2,
                            "availabilityStatus": "AVAILABLE"
                          }
                        ],
                        "minTotalOptionValueQuantity": 0,
                        "maxTotalOptionValueQuantity": 7,
                        "enableOptionValueQuantity": false
                      }
                    ],
                    "price": 50,
                    "currency": "SAR",
                    "image": "https://res.cloudinary.com/dglgkomis/image/upload/v1740054994/products/product-b6e6bfeb-71d9-4937-88c0-91dab901e326/nvtcc74q9ikyh7fqbwta.jpg",
                    "availabilityStatus": "AVAILABLE"
                  }
                },
                "isPrepaymentRequired": false,
                "digital": false
              },
              "analyticsData": {
                "sectionProperties": {
                  "section": "PRODUCT",
                  "position": 6
                }
              }
            },
            {
              "id": "c73fd912-7738-4e27-957b-4c7b357012a2",
              "kind": "PRODUCT",
              "action": "https://app.toyou.delivery/catalog/product?targetKind=OPEN_PRODUCT&targetSubKind=REGULAR_PRODUCT&targetId=75250dd4-136b-402a-9dc5-2b287bfd7424&productId=75250dd4-136b-402a-9dc5-2b287bfd7424",
              "product": {
                "id": "75250dd4-136b-402a-9dc5-2b287bfd7424",
                "favoriteShown": true,
                "image": "https://res.cloudinary.com/dglgkomis/image/upload/v1759680030/products/product-75250dd4-136b-402a-9dc5-2b287bfd7424/qh8wnqkjfagxwoe7ccme.jpg",
                "uiKind": "BLOCK",
                "name": {
                  "style": "BODY_MEDIUM",
                  "text": "Meal For One Wendy's Double ",
                  "numberOfLines": 2,
                  "alignment": "LEADING"
                },
                "note": {
                  "style": "BODY_SMALL",
                  "text": "2 pcs halal Australian beef patties with two slices of cheese with mayo, ketchup, pickles, onion, tomato, lettuce, and cheese on a toasted glazed bun with regular fries",
                  "numberOfLines": 2,
                  "alignment": "LEADING"
                },
                "availability": "AVAILABLE",
                "price": {
                  "value": 44,
                  "discount": 27,
                  "currency": "SAR"
                },
                "actionButton": {
                  "cartParameters": {
                    "priceUnknown": false
                  },
                  "kind": "ADD_TO_CART",
                  "action": "https://app.toyou.delivery/c3/addProductToCart?targetKind=ADD_TO_CART&targetSubKind=PRODUCT&targetId=75250dd4-136b-402a-9dc5-2b287bfd7424&productId=75250dd4-136b-402a-9dc5-2b287bfd7424&merchantId=a945bdff-caac-4106-bc09-8af2c43c0f5e",
                  "context": {
                    "merchantId": "a945bdff-caac-4106-bc09-8af2c43c0f5e",
                    "name": "Meal For One Wendy's Double ",
                    "options": [
                      {
                        "id": "1133544",
                        "name": "Choose your favorite drink",
                        "values": [
                          {
                            "id": "4999339",
                            "name": "Pepsi ",
                            "price": 6,
                            "availabilityStatus": "AVAILABLE"
                          },
                          {
                            "id": "4999340",
                            "name": "Pepsi Zero ",
                            "price": 6,
                            "availabilityStatus": "AVAILABLE"
                          },
                          {
                            "id": "4999341",
                            "name": "Mountain Dew ",
                            "price": 6,
                            "availabilityStatus": "AVAILABLE"
                          },
                          {
                            "id": "4999342",
                            "name": "7Up ",
                            "price": 6,
                            "availabilityStatus": "AVAILABLE"
                          },
                          {
                            "id": "4999343",
                            "name": "Mirinda orange ",
                            "price": 6,
                            "availabilityStatus": "AVAILABLE"
                          },
                          {
                            "id": "4999344",
                            "name": "Iced tea",
                            "price": 6,
                            "availabilityStatus": "AVAILABLE"
                          },
                          {
                            "id": "4999345",
                            "name": "Water",
                            "price": 2,
                            "availabilityStatus": "AVAILABLE"
                          }
                        ],
                        "minTotalOptionValueQuantity": 0,
                        "maxTotalOptionValueQuantity": 1,
                        "enableOptionValueQuantity": false
                      },
                      {
                        "id": "1133533",
                        "name": "Choose your favorite type of fries",
                        "values": [
                          {
                            "id": "4999248",
                            "name": "Natural cut fries",
                            "price": 0,
                            "availabilityStatus": "AVAILABLE"
                          },
                          {
                            "id": "4999249",
                            "name": "Spicy fries",
                            "price": 2,
                            "availabilityStatus": "AVAILABLE"
                          },
                          {
                            "id": "4999250",
                            "name": "Chili cheese fries",
                            "price": 9,
                            "availabilityStatus": "AVAILABLE"
                          },
                          {
                            "id": "4999251",
                            "name": "Cheese fries",
                            "price": 7,
                            "availabilityStatus": "AVAILABLE"
                          }
                        ],
                        "minTotalOptionValueQuantity": 1,
                        "maxTotalOptionValueQuantity": 1,
                        "enableOptionValueQuantity": false
                      },
                      {
                        "id": "1111868",
                        "name": "Would you like to add any extra side dishes?",
                        "values": [
                          {
                            "id": "4874313",
                            "name": "Add boneless wings",
                            "price": 20,
                            "availabilityStatus": "AVAILABLE"
                          },
                          {
                            "id": "4874314",
                            "name": "Add 5 pcs chili cheese nuggets balls",
                            "price": 12,
                            "availabilityStatus": "AVAILABLE"
                          },
                          {
                            "id": "4874315",
                            "name": "Add 6 pcs chicken nuggets",
                            "price": 12,
                            "availabilityStatus": "AVAILABLE"
                          },
                          {
                            "id": "4874316",
                            "name": "Add onion rings",
                            "price": 12,
                            "availabilityStatus": "AVAILABLE"
                          }
                        ],
                        "minTotalOptionValueQuantity": 0,
                        "maxTotalOptionValueQuantity": 4,
                        "enableOptionValueQuantity": true
                      },
                      {
                        "id": "842565",
                        "name": "Choose your favorite sauce",
                        "values": [
                          {
                            "id": "3489273",
                            "name": "Cheese sauce",
                            "price": 2,
                            "availabilityStatus": "AVAILABLE"
                          },
                          {
                            "id": "3489274",
                            "name": "Mayonnaise sauce",
                            "price": 2,
                            "availabilityStatus": "AVAILABLE"
                          },
                          {
                            "id": "3489275",
                            "name": "Sweet chili sauce",
                            "price": 2,
                            "availabilityStatus": "AVAILABLE"
                          },
                          {
                            "id": "3489276",
                            "name": "Spicy buffalo sauce",
                            "price": 2,
                            "availabilityStatus": "AVAILABLE"
                          },
                          {
                            "id": "3489277",
                            "name": "Caesar sauce",
                            "price": 2,
                            "availabilityStatus": "AVAILABLE"
                          },
                          {
                            "id": "3489278",
                            "name": "Italian sauce",
                            "price": 2,
                            "availabilityStatus": "AVAILABLE"
                          },
                          {
                            "id": "3489279",
                            "name": "BBQ sauce",
                            "price": 2,
                            "availabilityStatus": "AVAILABLE"
                          }
                        ],
                        "minTotalOptionValueQuantity": 0,
                        "maxTotalOptionValueQuantity": 1,
                        "enableOptionValueQuantity": false
                      },
                      {
                        "id": "1133534",
                        "name": "Would you like to remove any ingredients?",
                        "values": [
                          {
                            "id": "4999252",
                            "name": "Remove cheese",
                            "price": 0,
                            "availabilityStatus": "AVAILABLE"
                          },
                          {
                            "id": "4999253",
                            "name": "Remove lettuce",
                            "price": 0,
                            "availabilityStatus": "AVAILABLE"
                          },
                          {
                            "id": "4999254",
                            "name": "Remove mayonnaise",
                            "price": 0,
                            "availabilityStatus": "AVAILABLE"
                          },
                          {
                            "id": "4999255",
                            "name": "Remove tomato",
                            "price": 0,
                            "availabilityStatus": "AVAILABLE"
                          },
                          {
                            "id": "4999256",
                            "name": "Remove onion",
                            "price": 0,
                            "availabilityStatus": "AVAILABLE"
                          },
                          {
                            "id": "4999257",
                            "name": "Remove pickles",
                            "price": 0,
                            "availabilityStatus": "AVAILABLE"
                          },
                          {
                            "id": "4999258",
                            "name": "Remove ketchup",
                            "price": 0,
                            "availabilityStatus": "AVAILABLE"
                          }
                        ],
                        "minTotalOptionValueQuantity": 0,
                        "maxTotalOptionValueQuantity": 7,
                        "enableOptionValueQuantity": false
                      },
                      {
                        "id": "1133543",
                        "name": "Would you like to add any ingredients?",
                        "values": [
                          {
                            "id": "4999335",
                            "name": "Add cheese",
                            "price": 2,
                            "availabilityStatus": "AVAILABLE"
                          },
                          {
                            "id": "4999336",
                            "name": "Add beef bacon",
                            "price": 4,
                            "availabilityStatus": "AVAILABLE"
                          },
                          {
                            "id": "4999337",
                            "name": "Add Jalapeno",
                            "price": 1,
                            "availabilityStatus": "AVAILABLE"
                          },
                          {
                            "id": "4999338",
                            "name": "Add mustard",
                            "price": 0,
                            "availabilityStatus": "AVAILABLE"
                          },
                          {
                            "id": "4999474",
                            "name": "Tomato",
                            "price": 0,
                            "availabilityStatus": "AVAILABLE"
                          },
                          {
                            "id": "4999475",
                            "name": "Pickles",
                            "price": 0,
                            "availabilityStatus": "AVAILABLE"
                          },
                          {
                            "id": "4999476",
                            "name": "Ketchup",
                            "price": 0,
                            "availabilityStatus": "AVAILABLE"
                          },
                          {
                            "id": "4999477",
                            "name": "Onions",
                            "price": 0,
                            "availabilityStatus": "AVAILABLE"
                          },
                          {
                            "id": "4999478",
                            "name": "Mayo",
                            "price": 0,
                            "availabilityStatus": "AVAILABLE"
                          },
                          {
                            "id": "4999479",
                            "name": "Lettuce",
                            "price": 0,
                            "availabilityStatus": "AVAILABLE"
                          }
                        ],
                        "minTotalOptionValueQuantity": 0,
                        "maxTotalOptionValueQuantity": 10,
                        "enableOptionValueQuantity": false
                      }
                    ],
                    "price": 44,
                    "currency": "SAR",
                    "image": "https://res.cloudinary.com/dglgkomis/image/upload/v1759680030/products/product-75250dd4-136b-402a-9dc5-2b287bfd7424/qh8wnqkjfagxwoe7ccme.jpg",
                    "availabilityStatus": "AVAILABLE",
                    "discountedPrice": 27
                  }
                },
                "mark": "DISCOUNT",
                "isPrepaymentRequired": false,
                "digital": false
              },
              "analyticsData": {
                "sectionProperties": {
                  "section": "PRODUCT",
                  "position": 7
                }
              }
            }
          ]
        }
      ]
    },
    "metaData": {
      "foundMerchantsCount": 1,
      "foundProductsCount": 7
    }
  }
}