{
  "source": "ToYou",
  "endpoint": "search_merchants",
  "method": "GET",
  "timestamp": "2025-10-24T12:44:09.787Z",
  "status_code": 200,
  "request": {
    "params": {
      "lat": 24.59684724142691,
      "lon": 46.67517745620113,
      "query": "Hmbrgr",
      "operationArea": "SA_Riyadh"
    },
    "url": "https://app.toyou.delivery/search/v12/c3-search",
    "query": "Hmbrgr"
  },
  "response": {
    "c3": {
      "blocks": [
        {
          "id": "54930242-b629-4c1b-99d4-22f774aa4822",
          "kind": "SCROLL",
          "background": "#ffffff",
          "itemHeight": {
            "absolute": 36
          },
          "alwaysStaysOnTop": true,
          "items": [
            {
              "id": "47e7e34d-908e-475e-ad85-311a8f2dc271",
              "kind": "CAPSULE",
              "action": "https://app.toyou.delivery/c3/scrollToBlock?targetKind=SELECT_SEARCH_RESULT_TAB&targetSubKind=MERCHANTS&blockId=3ac0e609-e701-4787-b70b-427175d0c693",
              "background": {
                "color": "#EDF7EE",
                "cornerRadius": 12,
                "border": {
                  "color": "#F1F2F4",
                  "width": 1
                }
              },
              "state": "SELECTED",
              "text": {
                "text": "Merchants (2)",
                "color": "#2D3239",
                "numberOfLines": 1,
                "alignment": "LEADING",
                "style": "BODY_MEDIUM"
              },
              "selection": {
                "backgroundColor": "#7BC580",
                "textColor": "#FFFFFF"
              }
            },
            {
              "id": "123965bb-e21c-4f1e-9263-f54b34149715",
              "kind": "CAPSULE",
              "action": "https://app.toyou.delivery/c3/scrollToBlock?targetKind=SELECT_SEARCH_RESULT_TAB&targetSubKind=PRODUCTS&blockId=4f0848ba-4b62-44a7-9263-c21fcbed0a51",
              "background": {
                "color": "#EDF7EE",
                "cornerRadius": 12,
                "border": {
                  "color": "#F1F2F4",
                  "width": 1
                }
              },
              "state": null,
              "text": {
                "text": "Products (5)",
                "color": "#2D3239",
                "numberOfLines": 1,
                "alignment": "LEADING",
                "style": "BODY_MEDIUM"
              },
              "selection": {
                "backgroundColor": "#7BC580",
                "textColor": "#FFFFFF"
              }
            }
          ]
        },
        {
          "id": "3ac0e609-e701-4787-b70b-427175d0c693",
          "kind": "TITLE",
          "text": {
            "color": "#2D3239",
            "text": "Merchants",
            "style": "HEADLINE_MEDIUM",
            "alignment": "LEADING"
          }
        },
        {
          "id": "aed954fe-4995-4cde-819f-1c5130f4a4e0",
          "kind": "GRID",
          "background": "#ffffff",
          "itemHeight": "AUTOMATIC",
          "columns": 1,
          "items": [
            {
              "id": "1bd61f58-8d1d-4261-9839-8e578534723f",
              "kind": "MERCHANT",
              "action": "https://app.toyou.delivery/catalog/merchant?targetKind=OPEN_MERCHANT&targetSubKind=REGULAR_MERCHANT_PRODUCTS&targetId=bb96aa6b-6bf9-45dd-b525-b9c8dc571938&merchantId=bb96aa6b-6bf9-45dd-b525-b9c8dc571938",
              "merchant": {
                "uiKind": "COMPACT_NON_CUSTOMIZABLE",
                "id": "bb96aa6b-6bf9-45dd-b525-b9c8dc571938",
                "name": "Hmbrgr",
                "rating": 4.526093832366891,
                "backgroundImage": "https://res.cloudinary.com/dglgkomis/image/upload/v1761047888/merchants/odklmwjyxswymglgj5im.jpg",
                "logoImage": "https://res.cloudinary.com/dglgkomis/image/upload/v1755693834/merchants/olcupy0dwklz0q3ux5fj.jpg",
                "isOnlyScheduledOrders": false,
                "isClosed": false,
                "delivery": {
                  "distance": 3246.7428714931402,
                  "etaMin": 2520,
                  "etaMax": 3060
                },
                "fees": {
                  "currency": "SAR",
                  "delivery": 18
                },
                "subscription": {
                  "available": [
                    {
                      "color": "#003462",
                      "name": "Premium"
                    }
                  ]
                },
                "loyaltyRewardInfo": {
                  "loyaltyLevel": "TIER_2",
                  "points": "11",
                  "pointsPerSarValue": 11,
                  "pointsBadgeDescription": "per SAR"
                }
              },
              "analyticsData": {
                "sectionProperties": {
                  "section": "MERCHANT",
                  "position": 0
                }
              },
              "digital": false
            },
            {
              "id": "35db68ed-a3a9-4574-848e-766bcb19ef58",
              "kind": "MERCHANT",
              "action": "https://app.toyou.delivery/catalog/merchant?targetKind=OPEN_MERCHANT&targetSubKind=REGULAR_MERCHANT_PRODUCTS&targetId=4067061a-7c70-46dd-b8f1-71c72ec67025&merchantId=4067061a-7c70-46dd-b8f1-71c72ec67025",
              "merchant": {
                "uiKind": "COMPACT_NON_CUSTOMIZABLE",
                "id": "4067061a-7c70-46dd-b8f1-71c72ec67025",
                "name": "The Brgr Joint",
                "rating": 4.411931818181824,
                "backgroundImage": "https://res.cloudinary.com/dglgkomis/image/upload/v1739693684/merchants/cuucptx6ufahug2mqvzv.jpg",
                "logoImage": "https://res.cloudinary.com/dglgkomis/image/upload/v1704643918/merchants/nbw14tzpw79tdtrtn04i.jpg",
                "isOnlyScheduledOrders": false,
                "isClosed": false,
                "delivery": {
                  "distance": 24111.50218972599,
                  "etaMin": 3720,
                  "etaMax": 4620
                },
                "fees": {
                  "currency": "SAR",
                  "delivery": 48,
                  "deliveryDiscounted": 0,
                  "deliveryDiscountName": "Free Delivery with promo code"
                },
                "subscription": {
                  "available": [
                    {
                      "color": "#003462",
                      "name": "Premium"
                    },
                    {
                      "color": "#00FFEB",
                      "name": "Essentials"
                    }
                  ]
                },
                "loyaltyRewardInfo": {
                  "loyaltyLevel": "TIER_2",
                  "points": "10",
                  "pointsPerSarValue": 10,
                  "pointsBadgeDescription": "per SAR"
                }
              },
              "analyticsData": {
                "sectionProperties": {
                  "section": "MERCHANT",
                  "position": 1
                }
              },
              "digital": false
            }
          ]
        },
        {
          "id": "4f0848ba-4b62-44a7-9263-c21fcbed0a51",
          "kind": "TITLE",
          "text": {
            "color": "#2D3239",
            "text": "Products",
            "style": "HEADLINE_MEDIUM",
            "alignment": "LEADING"
          }
        },
        {
          "id": "f4ca2916-478c-4d51-9cbb-9e20c412309f",
          "kind": "GRID",
          "background": "#ffffff",
          "itemHeight": "AUTOMATIC",
          "columns": 1,
          "items": [
            {
              "id": "d10059e2-3f0d-4249-8745-0d3504c48cff",
              "kind": "MERCHANT",
              "action": "https://app.toyou.delivery/catalog/merchant?targetKind=OPEN_MERCHANT&targetSubKind=REGULAR_MERCHANT_PRODUCTS&targetId=bb96aa6b-6bf9-45dd-b525-b9c8dc571938&merchantId=bb96aa6b-6bf9-45dd-b525-b9c8dc571938",
              "merchant": {
                "uiKind": "LITE",
                "id": "bb96aa6b-6bf9-45dd-b525-b9c8dc571938",
                "name": "Hmbrgr",
                "rating": 4.526093832366891,
                "backgroundImage": "https://res.cloudinary.com/dglgkomis/image/upload/v1761047888/merchants/odklmwjyxswymglgj5im.jpg",
                "logoImage": "https://res.cloudinary.com/dglgkomis/image/upload/v1755693834/merchants/olcupy0dwklz0q3ux5fj.jpg",
                "isOnlyScheduledOrders": false,
                "isClosed": false,
                "delivery": {
                  "distance": 3246.7428714931402,
                  "etaMin": 2520,
                  "etaMax": 3060
                },
                "fees": {
                  "currency": "SAR",
                  "delivery": 18
                },
                "subscription": {
                  "available": [
                    {
                      "color": "#003462",
                      "name": "Premium"
                    }
                  ]
                },
                "loyaltyRewardInfo": {
                  "loyaltyLevel": "TIER_2",
                  "points": "11",
                  "pointsPerSarValue": 11,
                  "pointsBadgeDescription": "per SAR"
                }
              },
              "analyticsData": {
                "sectionProperties": {
                  "section": "PRODUCT",
                  "position": 0
                }
              },
              "digital": false
            }
          ]
        },
        {
          "id": "75706670-74dc-4309-94df-26db1c62f90f",
          "kind": "SCROLL",
          "background": "#ffffff",
          "visibleCount": 3.3,
          "items": [
            {
              "id": "4d622bbb-70b0-4b05-a48d-075021e4b21c",
              "kind": "PRODUCT",
              "action": "https://app.toyou.delivery/catalog/product?targetKind=OPEN_PRODUCT&targetSubKind=REGULAR_PRODUCT&targetId=bbd01266-9615-43e7-a9e4-c91483ebca2a&productId=bbd01266-9615-43e7-a9e4-c91483ebca2a",
              "product": {
                "id": "bbd01266-9615-43e7-a9e4-c91483ebca2a",
                "favoriteShown": true,
                "image": "https://res.cloudinary.com/dglgkomis/image/upload/v1761045153/products/product-bbd01266-9615-43e7-a9e4-c91483ebca2a/zn2hiitv1x4ueevriptk.jpg",
                "uiKind": "BLOCK",
                "name": {
                  "style": "BODY_MEDIUM",
                  "text": "Hmbrgr Sauce",
                  "numberOfLines": 2,
                  "alignment": "LEADING"
                },
                "note": {
                  "style": "BODY_SMALL",
                  "text": "Rich, flavorful burger bliss.",
                  "numberOfLines": 2,
                  "alignment": "LEADING"
                },
                "availability": "AVAILABLE",
                "price": {
                  "value": 3,
                  "currency": "SAR"
                },
                "actionButton": {
                  "cartParameters": {
                    "priceUnknown": false
                  },
                  "kind": "ADD_TO_CART",
                  "action": "https://app.toyou.delivery/c3/addProductToCart?targetKind=ADD_TO_CART&targetSubKind=PRODUCT&targetId=bbd01266-9615-43e7-a9e4-c91483ebca2a&productId=bbd01266-9615-43e7-a9e4-c91483ebca2a&merchantId=bb96aa6b-6bf9-45dd-b525-b9c8dc571938"
                },
                "isPrepaymentRequired": false,
                "digital": false
              },
              "analyticsData": {
                "sectionProperties": {
                  "section": "PRODUCT",
                  "position": 1
                }
              }
            },
            {
              "id": "cbcf6972-a029-405f-8af8-006d20da3a57",
              "kind": "PRODUCT",
              "action": "https://app.toyou.delivery/catalog/product?targetKind=OPEN_PRODUCT&targetSubKind=REGULAR_PRODUCT&targetId=d2e159f5-31a1-45c4-9803-e619283019a5&productId=d2e159f5-31a1-45c4-9803-e619283019a5",
              "product": {
                "id": "d2e159f5-31a1-45c4-9803-e619283019a5",
                "favoriteShown": true,
                "image": "https://res.cloudinary.com/dglgkomis/image/upload/v1745233635/products/product-d2e159f5-31a1-45c4-9803-e619283019a5/baaxtk1xoqfk53baydwz.jpg",
                "uiKind": "BLOCK",
                "name": {
                  "style": "BODY_MEDIUM",
                  "text": "Hmbrgr Single Meal",
                  "numberOfLines": 2,
                  "alignment": "LEADING"
                },
                "note": {
                  "style": "BODY_SMALL",
                  "text": "Hmbrgr Single burger, French fries & soft drink\n",
                  "numberOfLines": 2,
                  "alignment": "LEADING"
                },
                "availability": "AVAILABLE",
                "price": {
                  "value": 25,
                  "currency": "SAR"
                },
                "actionButton": {
                  "cartParameters": {
                    "priceUnknown": false
                  },
                  "kind": "ADD_TO_CART",
                  "action": "https://app.toyou.delivery/c3/addProductToCart?targetKind=ADD_TO_CART&targetSubKind=PRODUCT&targetId=d2e159f5-31a1-45c4-9803-e619283019a5&productId=d2e159f5-31a1-45c4-9803-e619283019a5&merchantId=bb96aa6b-6bf9-45dd-b525-b9c8dc571938",
                  "context": {
                    "merchantId": "bb96aa6b-6bf9-45dd-b525-b9c8dc571938",
                    "name": "Hmbrgr Single Meal",
                    "options": [
                      {
                        "id": "1157047",
                        "name": "Choose One Drink ",
                        "values": [
                          {
                            "id": "5123760",
                            "name": "Pepsi ",
                            "price": 0,
                            "availabilityStatus": "AVAILABLE"
                          },
                          {
                            "id": "5123762",
                            "name": "Diet Pepsi",
                            "price": 0,
                            "availabilityStatus": "AVAILABLE"
                          },
                          {
                            "id": "5123763",
                            "name": "Mirinda Orange",
                            "price": 0,
                            "availabilityStatus": "AVAILABLE"
                          },
                          {
                            "id": "5123765",
                            "name": "7-Up",
                            "price": 0,
                            "availabilityStatus": "AVAILABLE"
                          },
                          {
                            "id": "5123766",
                            "name": "Water",
                            "price": 0,
                            "availabilityStatus": "AVAILABLE"
                          }
                        ],
                        "minTotalOptionValueQuantity": 1,
                        "maxTotalOptionValueQuantity": 1,
                        "enableOptionValueQuantity": false
                      }
                    ],
                    "price": 25,
                    "currency": "SAR",
                    "image": "https://res.cloudinary.com/dglgkomis/image/upload/v1745233635/products/product-d2e159f5-31a1-45c4-9803-e619283019a5/baaxtk1xoqfk53baydwz.jpg",
                    "availabilityStatus": "AVAILABLE"
                  }
                },
                "isPrepaymentRequired": false,
                "digital": false
              },
              "analyticsData": {
                "sectionProperties": {
                  "section": "PRODUCT",
                  "position": 2
                }
              }
            },
            {
              "id": "60cade01-cbb6-4365-8936-a3e5661a84bc",
              "kind": "PRODUCT",
              "action": "https://app.toyou.delivery/catalog/product?targetKind=OPEN_PRODUCT&targetSubKind=REGULAR_PRODUCT&targetId=0804698a-d383-49b7-bf98-aa35e0d58790&productId=0804698a-d383-49b7-bf98-aa35e0d58790",
              "product": {
                "id": "0804698a-d383-49b7-bf98-aa35e0d58790",
                "favoriteShown": true,
                "image": "https://res.cloudinary.com/dglgkomis/image/upload/v1761045145/products/product-0804698a-d383-49b7-bf98-aa35e0d58790/cyghkqwu6qpoyt5szhch.jpg",
                "uiKind": "BLOCK",
                "name": {
                  "style": "BODY_MEDIUM",
                  "text": "Double Cheese",
                  "numberOfLines": 2,
                  "alignment": "LEADING"
                },
                "note": {
                  "style": "BODY_SMALL",
                  "text": "Double angus patty, topped with cheddar cheese, Hmbrgr sauce in a brioche bun\n",
                  "numberOfLines": 2,
                  "alignment": "LEADING"
                },
                "availability": "AVAILABLE",
                "price": {
                  "value": 22,
                  "currency": "SAR"
                },
                "actionButton": {
                  "cartParameters": {
                    "priceUnknown": false
                  },
                  "kind": "ADD_TO_CART",
                  "action": "https://app.toyou.delivery/c3/addProductToCart?targetKind=ADD_TO_CART&targetSubKind=PRODUCT&targetId=0804698a-d383-49b7-bf98-aa35e0d58790&productId=0804698a-d383-49b7-bf98-aa35e0d58790&merchantId=bb96aa6b-6bf9-45dd-b525-b9c8dc571938",
                  "context": {
                    "merchantId": "bb96aa6b-6bf9-45dd-b525-b9c8dc571938",
                    "name": "Double Cheese",
                    "options": [
                      {
                        "id": "1157045",
                        "name": "Modify Your Burger",
                        "values": [
                          {
                            "id": "5123753",
                            "name": "Press ",
                            "price": 0,
                            "availabilityStatus": "AVAILABLE"
                          },
                          {
                            "id": "5123754",
                            "name": "No Press",
                            "price": 0,
                            "availabilityStatus": "AVAILABLE"
                          }
                        ],
                        "minTotalOptionValueQuantity": 1,
                        "maxTotalOptionValueQuantity": 1,
                        "enableOptionValueQuantity": false
                      }
                    ],
                    "price": 22,
                    "currency": "SAR",
                    "image": "https://res.cloudinary.com/dglgkomis/image/upload/v1761045145/products/product-0804698a-d383-49b7-bf98-aa35e0d58790/cyghkqwu6qpoyt5szhch.jpg",
                    "availabilityStatus": "AVAILABLE"
                  }
                },
                "isPrepaymentRequired": false,
                "digital": false
              },
              "analyticsData": {
                "sectionProperties": {
                  "section": "PRODUCT",
                  "position": 3
                }
              }
            },
            {
              "id": "db2939ad-12bc-46ad-bbab-608d22ebf24d",
              "kind": "PRODUCT",
              "action": "https://app.toyou.delivery/catalog/product?targetKind=OPEN_PRODUCT&targetSubKind=REGULAR_PRODUCT&targetId=fbcf61da-6c80-40fd-bc84-940f7c76f97b&productId=fbcf61da-6c80-40fd-bc84-940f7c76f97b",
              "product": {
                "id": "fbcf61da-6c80-40fd-bc84-940f7c76f97b",
                "favoriteShown": true,
                "image": "https://res.cloudinary.com/dglgkomis/image/upload/v1761045142/products/product-fbcf61da-6c80-40fd-bc84-940f7c76f97b/k4kzan15ekbhmtdvwuih.jpg",
                "uiKind": "BLOCK",
                "name": {
                  "style": "BODY_MEDIUM",
                  "text": "Hambrgr Single",
                  "numberOfLines": 2,
                  "alignment": "LEADING"
                },
                "note": {
                  "style": "BODY_SMALL",
                  "text": "Single angus patty,topped with cheddar cheese, iceberg lettuc, Tomato, & Hmbrgr sauce in a brioche bun\n",
                  "numberOfLines": 2,
                  "alignment": "LEADING"
                },
                "availability": "AVAILABLE",
                "price": {
                  "value": 14,
                  "currency": "SAR"
                },
                "actionButton": {
                  "cartParameters": {
                    "priceUnknown": false
                  },
                  "kind": "ADD_TO_CART",
                  "action": "https://app.toyou.delivery/c3/addProductToCart?targetKind=ADD_TO_CART&targetSubKind=PRODUCT&targetId=fbcf61da-6c80-40fd-bc84-940f7c76f97b&productId=fbcf61da-6c80-40fd-bc84-940f7c76f97b&merchantId=bb96aa6b-6bf9-45dd-b525-b9c8dc571938"
                },
                "isPrepaymentRequired": false,
                "digital": false
              },
              "analyticsData": {
                "sectionProperties": {
                  "section": "PRODUCT",
                  "position": 4
                }
              }
            },
            {
              "id": "2b36f216-1773-446a-85ea-3a3a6d293fac",
              "kind": "PRODUCT",
              "action": "https://app.toyou.delivery/catalog/product?targetKind=OPEN_PRODUCT&targetSubKind=REGULAR_PRODUCT&targetId=786adfd5-ae78-4b04-bb71-4c07b6514f01&productId=786adfd5-ae78-4b04-bb71-4c07b6514f01",
              "product": {
                "id": "786adfd5-ae78-4b04-bb71-4c07b6514f01",
                "favoriteShown": true,
                "image": "https://res.cloudinary.com/dglgkomis/image/upload/v1761045147/products/product-786adfd5-ae78-4b04-bb71-4c07b6514f01/fg0hajow9v0ocy9vdbmy.jpg",
                "uiKind": "BLOCK",
                "name": {
                  "style": "BODY_MEDIUM",
                  "text": "Triple Cheese",
                  "numberOfLines": 2,
                  "alignment": "LEADING"
                },
                "note": {
                  "style": "BODY_SMALL",
                  "text": "Trible angus patty, topped with cheddar cheese, Hmbrgr sauce in a brioche bun\n",
                  "numberOfLines": 2,
                  "alignment": "LEADING"
                },
                "availability": "AVAILABLE",
                "price": {
                  "value": 30,
                  "currency": "SAR"
                },
                "actionButton": {
                  "cartParameters": {
                    "priceUnknown": false
                  },
                  "kind": "ADD_TO_CART",
                  "action": "https://app.toyou.delivery/c3/addProductToCart?targetKind=ADD_TO_CART&targetSubKind=PRODUCT&targetId=786adfd5-ae78-4b04-bb71-4c07b6514f01&productId=786adfd5-ae78-4b04-bb71-4c07b6514f01&merchantId=bb96aa6b-6bf9-45dd-b525-b9c8dc571938"
                },
                "isPrepaymentRequired": false,
                "digital": false
              },
              "analyticsData": {
                "sectionProperties": {
                  "section": "PRODUCT",
                  "position": 5
                }
              }
            }
          ]
        }
      ]
    },
    "metaData": {
      "foundMerchantsCount": 2,
      "foundProductsCount": 5
    }
  }
}