{
  "source": "ToYou",
  "endpoint": "search_merchants",
  "method": "GET",
  "timestamp": "2025-10-24T12:45:25.869Z",
  "status_code": 200,
  "request": {
    "params": {
      "lat": 24.59684724142691,
      "lon": 46.67517745620113,
      "query": "KANTAKA|كنتكه",
      "operationArea": "SA_Riyadh"
    },
    "url": "https://app.toyou.delivery/search/v12/c3-search",
    "query": "KANTAKA|كنتكه"
  },
  "response": {
    "c3": {
      "blocks": []
    },
    "metaData": {
      "foundMerchantsCount": 0,
      "foundProductsCount": 0
    }
  }
}