{
  "endpoint": "delivery-options",
  "timestamp": "2025-10-24T12:45:29.434Z",
  "processing_time_ms": 5353,
  "request": {
    "latitude": 24.59684724142691,
    "longitude": 46.67517745620113,
    "restaurantName": "KANTAKA|كنتكه",
    "chefzData": {
      "id": 7119426,
      "branchId": 18744148,
      "name": "KANTAKA|كنتكه",
      "profilePicture": "https://media3.thechefz.co/resize/3000/QENKJ5jHzjdIqIp7qMf7fgZ6_1rYw4Pn.jpg",
      "coverPicture": "https://media3.thechefz.co/resize/1000/QNhA7xlq7etm_-zJXtLUSboLlO87992t.jpg",
      "city": "الرياض",
      "offer_enabled": false,
      "offer": [],
      "reviewCount": 601,
      "avgReview": "4.7",
      "createdDate": "2024-12-08 19:47:46",
      "delivery_method": 1,
      "storeType": 1,
      "cuisine": [
        {
          "id": "316",
          "name": "وجبات سريعة"
        }
      ],
      "isFavorite": false,
      "isPromoted": false,
      "distance": "3.2",
      "within": true,
      "promotion": " توصيل مجاني",
      "pickup_promotion": "استمتع بكاش باك 0% على الطلبات المستلمة!",
      "promotionSetting": {
        "text": " توصيل مجاني",
        "image": "https://media.thechefz.co/customer_app_home_services/1/ZhSk4NRx-eRWpNAjX3O1d3wzs25KuHs3.png"
      },
      "stories_count": 0,
      "chefType": "chef",
      "tags": [
        {
          "tag_type": 1,
          "title": " توصيل مجاني",
          "text_color": "#119E4A",
          "strike_text_color": "#898693",
          "background_color": "#F4F7F5",
          "icon": "https://media.thechefz.co/tags/free_delivery.svg",
          "strike_text": "15 ريال"
        }
      ],
      "campaign": null,
      "delivery_time_range": "25 - 35 دقيقة"
    },
    "restaurant_id": "18744148"
  },
  "response": {
    "status": "completed",
    "restaurant_id": "18744148",
    "restaurant_name": "KANTAKA|كنتكه",
    "delivery_options": [
      {
        "name": "The Chefz",
        "time": "25 - 35 دقيقة",
        "price": "2.00",
        "isFree": false,
        "image": "/delivery_logos/the-chefs.png",
        "status": "success",
        "deepLink": "thechefz://restaurant/18744148",
        "deliveryOffer": "15.00 SAR off",
        "deliveryDetails": {
          "availablePromotions": [
            {
              "title": "{$1} خصم على رسوم التوصيل",
              "titleVariable": "15 ريال",
              "subTitle": "اطلب بقيمة {$1} للحصول على خصم رسوم توصيل {$2}",
              "subTitleVariable1": "35 ريال",
              "subTitleVariable2": "15 ريال",
              "chefChargePercentage": "54.00"
            }
          ],
          "currentPromotion": {
            "tiers": [
              {
                "title": "15 ريال",
                "percentage": 100,
                "isActive": true
              }
            ],
            "titleVariable1": "15",
            "titleVariable2": null,
            "title": "استمتع بخصم {$1} ريال على رسوم التوصيل"
          },
          "promotionProgress": {
            "message_amount_to_get_delivery_discount": "تم تفعيل خصم التوصيل بنجاح!",
            "remaining_amount": null,
            "message_percentage_for_promotion_cart": "100%"
          },
          "appliedPromotion": {
            "maximum_value": "15.00",
            "valid_till": "2026-01-01 00:00:00",
            "discount": "15.00",
            "deliveryFeeAfterDiscount": "2.00",
            "minimum_order_value": "35.00",
            "promotion_message": "خصم توصيل مجاني",
            "promotion_split_message": "ادنى حد لقيمة الطلب هي 35.00 ريال."
          },
          "dishTotal": "38.00",
          "deliveryFee": "2.00",
          "originalDeliveryPrice": "17.00",
          "totalPrice": "40.00",
          "vat": {
            "percentage": "على اﻷطباق و التوصيل 15",
            "value": 5.22,
            "serviceFeeVat": 0,
            "title": "ضريبة القيمة المضافة على الأطباق و التوصيل %15"
          }
        }
      },
      {
        "name": "To You",
        "time": "N/A",
        "price": "0",
        "isFree": false,
        "image": "/delivery_logos/to-you.png",
        "status": "not_found",
        "errorMessage": "Restaurant not found"
      },
      {
        "name": "Jahez",
        "time": "25-40mins",
        "price": "1",
        "originalPrice": "18",
        "isFree": false,
        "hasOffer": true,
        "hasPrime": true,
        "pricingType": "offer",
        "image": "/delivery_logos/jahez.png",
        "status": "success",
        "merchantData": {
          "restaurantId": 23734,
          "branchId": 207548,
          "restaurantName": "KANTAKA - كنتكه | بروستد وطني طازج",
          "deliveryFee": 1,
          "distance": 3.203115545825043,
          "deliveryOffer": {
            "minimumOrder": 35,
            "maxDistance": 5,
            "amount": 0.87,
            "fixedAmount": true
          },
          "deliveryDetails": {
            "pricing": {
              "originalPrice": 18,
              "offerPrice": 1,
              "primePrice": 0,
              "finalPrice": 1,
              "type": "offer",
              "hasOffer": true,
              "hasPrime": true
            },
            "primeEligibility": {
              "offerId": null,
              "subTotal": 109,
              "delivery": 0,
              "total": 109,
              "vatCost": 14.22,
              "tipValue": null,
              "savedAmountWhenUsingPrime": null,
              "couponAmount": null
            },
            "appliedOffer": {
              "id": 998,
              "englishName": "1 Riyal",
              "arabicName": "1 ريال ",
              "englishDescription": "عرض الريال - اكتوبر",
              "arabicDescription": "عرض الريال - اكتوبر",
              "offerType": 0,
              "segment": 0,
              "amount": 0.87,
              "contribution": 0,
              "sponser": 2
            },
            "originalDeliveryPrice": 15.65,
            "calculatedDeliveryPrice": 0.87,
            "wafarhaPrice": 1.0005,
            "tier": {
              "id": 73014,
              "tierEnglishName": "Tier 4",
              "tierArabicName": "Tier 4",
              "startTier": 3,
              "endTier": 4,
              "tierPrice": 15.65,
              "sanedPrice": 12,
              "sanedAdjustmenPrice": -3.65
            },
            "orderSubTotal": 109,
            "isPartnerDelivery": false
          }
        },
        "deepLink": "https://jahez.link/VMtaKyN7IXb",
        "deliveryOffer": "وفر 17.00 ريال",
        "deliveryDetails": {
          "pricing": {
            "originalPrice": 18,
            "offerPrice": 1,
            "primePrice": 0,
            "finalPrice": 1,
            "type": "offer",
            "hasOffer": true,
            "hasPrime": true
          },
          "primeEligibility": {
            "offerId": null,
            "subTotal": 109,
            "delivery": 0,
            "total": 109,
            "vatCost": 14.22,
            "tipValue": null,
            "savedAmountWhenUsingPrime": null,
            "couponAmount": null
          },
          "appliedOffer": {
            "id": 998,
            "englishName": "1 Riyal",
            "arabicName": "1 ريال ",
            "englishDescription": "عرض الريال - اكتوبر",
            "arabicDescription": "عرض الريال - اكتوبر",
            "offerType": 0,
            "segment": 0,
            "amount": 0.87,
            "contribution": 0,
            "sponser": 2
          },
          "originalDeliveryPrice": 15.65,
          "calculatedDeliveryPrice": 0.87,
          "wafarhaPrice": 1.0005,
          "tier": {
            "id": 73014,
            "tierEnglishName": "Tier 4",
            "tierArabicName": "Tier 4",
            "startTier": 3,
            "endTier": 4,
            "tierPrice": 15.65,
            "sanedPrice": 12,
            "sanedAdjustmenPrice": -3.65
          },
          "orderSubTotal": 109,
          "isPartnerDelivery": false
        }
      },
      {
        "name": "Hunger Station",
        "time": "N/A",
        "price": "0",
        "isFree": false,
        "image": "/delivery_logos/hunger-station.png",
        "status": "not_found",
        "errorMessage": "لم يتم العثور على المطعم"
      }
    ],
    "processed_at": "2025-10-24T12:45:29.434Z"
  }
}