{
  "endpoint": "delivery-options",
  "timestamp": "2025-10-24T12:33:51.166Z",
  "processing_time_ms": 5900,
  "request": {
    "latitude": 24.596904750675737,
    "longitude": 46.67528151859729,
    "restaurantName": "Crispsh | كرسبش",
    "chefzData": {
      "id": 6134084,
      "branchId": 11275558,
      "name": "Crispsh | كرسبش",
      "profilePicture": "https://media3.thechefz.co/resize/3000/rXRcvTuc5Rr4xyKU_AQX5oh-qnRYfzT8.jpg",
      "coverPicture": "https://media3.thechefz.co/resize/1000/EWO8kJHWRnze7y3yKfZYwasPEL9QSoSK.jpeg",
      "city": "الرياض",
      "offer_enabled": false,
      "offer": [],
      "reviewCount": 2682,
      "avgReview": "4.8",
      "createdDate": "2023-12-17 23:44:27",
      "delivery_method": 3,
      "storeType": 1,
      "cuisine": [
        {
          "id": "163",
          "name": "الجمعات"
        },
        {
          "id": "316",
          "name": "وجبات سريعة"
        },
        {
          "id": "7",
          "name": "برجر"
        }
      ],
      "isFavorite": false,
      "isPromoted": false,
      "distance": "2.7",
      "within": true,
      "promotion": " توصيل مجاني",
      "pickup_promotion": "استمتع بكاش باك 0% على الطلبات المستلمة!",
      "promotionSetting": {
        "text": " توصيل مجاني",
        "image": "https://media.thechefz.co/customer_app_home_services/1/ZhSk4NRx-eRWpNAjX3O1d3wzs25KuHs3.png"
      },
      "stories_count": 0,
      "chefType": "chef",
      "tags": [
        {
          "tag_type": 1,
          "title": " توصيل مجاني",
          "text_color": "#119E4A",
          "strike_text_color": "#898693",
          "background_color": "#F4F7F5",
          "icon": "https://media.thechefz.co/tags/free_delivery.svg",
          "strike_text": "15 ريال"
        }
      ],
      "campaign": null,
      "delivery_time_range": "20 - 30 دقيقة"
    },
    "restaurant_id": "11275558"
  },
  "response": {
    "status": "completed",
    "restaurant_id": "11275558",
    "restaurant_name": "Crispsh | كرسبش",
    "delivery_options": [
      {
        "name": "The Chefz",
        "time": "20 - 30 دقيقة",
        "price": "0.00",
        "isFree": true,
        "image": "/delivery_logos/the-chefs.png",
        "status": "success",
        "deepLink": "thechefz://restaurant/11275558",
        "deliveryOffer": "15.00 SAR off",
        "deliveryDetails": {
          "availablePromotions": [
            {
              "title": "{$1} خصم على رسوم التوصيل",
              "titleVariable": "15 ريال",
              "subTitle": "اطلب بقيمة {$1} للحصول على خصم رسوم توصيل {$2}",
              "subTitleVariable1": "35 ريال",
              "subTitleVariable2": "15 ريال",
              "chefChargePercentage": "54.00"
            }
          ],
          "currentPromotion": {
            "tiers": [
              {
                "title": "15 ريال",
                "percentage": 100,
                "isActive": true
              }
            ],
            "titleVariable1": "15",
            "titleVariable2": null,
            "title": "استمتع بخصم {$1} ريال على رسوم التوصيل"
          },
          "promotionProgress": {
            "message_amount_to_get_delivery_discount": "تم تفعيل خصم التوصيل بنجاح!",
            "remaining_amount": null,
            "message_percentage_for_promotion_cart": "100%"
          },
          "appliedPromotion": {
            "maximum_value": "15.00",
            "valid_till": "2025-12-31 23:00:00",
            "discount": "15.00",
            "deliveryFeeAfterDiscount": "0.00",
            "minimum_order_value": "35.00",
            "promotion_message": "خصم توصيل مجاني",
            "promotion_split_message": "ادنى حد لقيمة الطلب هي 35.00 ريال."
          },
          "dishTotal": "39.00",
          "deliveryFee": "0.00",
          "originalDeliveryPrice": "15.00",
          "totalPrice": "39.00",
          "vat": {
            "percentage": "على اﻷطباق 15",
            "value": 5.09,
            "serviceFeeVat": 0,
            "title": "ضريبة القيمة المضافة على الأطباق %15"
          }
        }
      },
      {
        "name": "To You",
        "time": "25-35mins",
        "price": "16",
        "isFree": false,
        "image": "/delivery_logos/to-you.png",
        "status": "success",
        "merchantData": {
          "uiKind": "COMPACT_NON_CUSTOMIZABLE",
          "id": "431769f7-f367-47d6-86b8-7656de701060",
          "name": "Crispish",
          "rating": 4.547685595473444,
          "backgroundImage": "https://res.cloudinary.com/dglgkomis/image/upload/v1751379773/merchants/iansqg9klmw5fnjfgb47.jpg",
          "logoImage": "https://res.cloudinary.com/dglgkomis/image/upload/v1654768681/merchants/ugcovp4b8qrhg8wq6wbg.jpg",
          "isOnlyScheduledOrders": false,
          "isClosed": false,
          "delivery": {
            "distance": 2696.4421684035224,
            "etaMin": 2280,
            "etaMax": 2640
          },
          "fees": {
            "currency": "SAR",
            "delivery": 16,
            "deliveryDiscounted": 0,
            "deliveryDiscountName": "Free Delivery with promo code"
          },
          "subscription": {
            "available": [
              {
                "color": "#003462",
                "name": "Premium"
              },
              {
                "color": "#00FFEB",
                "name": "Essentials"
              }
            ]
          },
          "loyaltyRewardInfo": {
            "loyaltyLevel": "TIER_2",
            "points": "13",
            "pointsPerSarValue": 13,
            "pointsBadgeDescription": "per SAR"
          }
        },
        "deepLink": "toyou://merchant/431769f7-f367-47d6-86b8-7656de701060"
      },
      {
        "name": "Jahez",
        "time": "25-40mins",
        "price": "3",
        "originalPrice": null,
        "isFree": false,
        "hasOffer": false,
        "hasPrime": false,
        "pricingType": "standard",
        "image": "/delivery_logos/jahez.png",
        "status": "success",
        "merchantData": {
          "restaurantId": 16040,
          "branchId": 106005,
          "restaurantName": "Crispish - الذ لهب❤️‍🔥 | كرسبش",
          "deliveryFee": 3,
          "distance": 2.670659123871592,
          "deliveryOffer": {
            "minimumOrder": 35,
            "maxDistance": 5,
            "amount": 2.61,
            "fixedAmount": true
          },
          "deliveryDetails": {
            "primeEligibility": {
              "offerId": null,
              "subTotal": 149,
              "delivery": 0,
              "total": 149,
              "vatCost": 19.43,
              "tipValue": null,
              "savedAmountWhenUsingPrime": null,
              "couponAmount": null
            },
            "appliedOffer": {
              "id": 999,
              "englishName": "3 Riyal",
              "arabicName": "3 ريال ",
              "englishDescription": "ثلاثه ريال - اكتوبر",
              "arabicDescription": "ثلاثه ريال - اكتوبر",
              "offerType": 0,
              "segment": 0,
              "amount": 2.61,
              "contribution": 7.83,
              "sponser": 2
            },
            "originalDeliveryPrice": 14.78,
            "calculatedDeliveryPrice": 2.61,
            "wafarhaPrice": 3.0014999999999996,
            "tier": {
              "id": 73013,
              "tierEnglishName": "Tier 3",
              "tierArabicName": "Tier 3",
              "startTier": 2,
              "endTier": 3,
              "tierPrice": 14.78,
              "sanedPrice": 10,
              "sanedAdjustmenPrice": -4.78
            },
            "orderSubTotal": 149,
            "isPartnerDelivery": false
          }
        },
        "deepLink": "https://jahez.link/dzlnpL53IXb",
        "deliveryOffer": "3 Riyal",
        "deliveryDetails": {
          "primeEligibility": {
            "offerId": null,
            "subTotal": 149,
            "delivery": 0,
            "total": 149,
            "vatCost": 19.43,
            "tipValue": null,
            "savedAmountWhenUsingPrime": null,
            "couponAmount": null
          },
          "appliedOffer": {
            "id": 999,
            "englishName": "3 Riyal",
            "arabicName": "3 ريال ",
            "englishDescription": "ثلاثه ريال - اكتوبر",
            "arabicDescription": "ثلاثه ريال - اكتوبر",
            "offerType": 0,
            "segment": 0,
            "amount": 2.61,
            "contribution": 7.83,
            "sponser": 2
          },
          "originalDeliveryPrice": 14.78,
          "calculatedDeliveryPrice": 2.61,
          "wafarhaPrice": 3.0014999999999996,
          "tier": {
            "id": 73013,
            "tierEnglishName": "Tier 3",
            "tierArabicName": "Tier 3",
            "startTier": 2,
            "endTier": 3,
            "tierPrice": 14.78,
            "sanedPrice": 10,
            "sanedAdjustmenPrice": -4.78
          },
          "orderSubTotal": 149,
          "isPartnerDelivery": false
        }
      },
      {
        "name": "Hunger Station",
        "time": "N/A",
        "price": "0",
        "isFree": false,
        "image": "/delivery_logos/hunger-station.png",
        "status": "not_found",
        "errorMessage": "لم يتم العثور على المطعم"
      }
    ],
    "processed_at": "2025-10-24T12:33:51.166Z"
  }
}