{
  "source": "TheChefz",
  "endpoint": "add_to_cart",
  "method": "POST",
  "timestamp": "2025-10-24T13:01:12.908Z",
  "status_code": 200,
  "request": {
    "params": {
      "expand": "customized_card"
    },
    "url": "https://api.thechefz.co/v9/add-to-cart",
    "payload": {
      "noteToChef": "",
      "current_lng": 46.67528151991017,
      "validateDishNote": 1,
      "qty": 1,
      "isDeliveryPaymentRequired": 1,
      "dishId": 2941699,
      "current_lat": 24.5969047504429,
      "variety": []
    }
  },
  "response": {
    "success": true,
    "data": {
      "item_id": 1141966527
    }
  }
}