{
  "source": "TheChefz",
  "endpoint": "add_to_cart",
  "method": "POST",
  "timestamp": "2025-10-24T12:24:26.127Z",
  "status_code": 200,
  "request": {
    "params": {
      "expand": "customized_card"
    },
    "url": "https://api.thechefz.co/v9/add-to-cart",
    "payload": {
      "noteToChef": "",
      "current_lng": 46.67531712245788,
      "validateDishNote": 1,
      "qty": 1,
      "isDeliveryPaymentRequired": 1,
      "dishId": 2941699,
      "current_lat": 24.597013469224212,
      "variety": []
    }
  },
  "response": {
    "success": true,
    "data": {
      "item_id": 1141908923
    }
  }
}