{
  "source": "TheChefz",
  "endpoint": "get_cart_pricing",
  "method": "GET",
  "timestamp": "2025-10-24T12:34:55.491Z",
  "status_code": 200,
  "request": {
    "params": {
      "arrivalTime": "now",
      "latitude": 24.596904750675737,
      "longitude": 46.67528151859729
    },
    "url": "https://api.thechefz.co/v9/my-cart"
  },
  "response": {
    "success": true,
    "meta": {
      "defaultPaymentGateway": 2,
      "return_type": 0
    },
    "data": {
      "cartId": 549723188,
      "chefId": 6134084,
      "chefName": "Crispsh | كرسبش",
      "atmPaymentEnabled": true,
      "chef": {
        "chefId": 11275558,
        "profilePicture": "/thump_chefs/",
        "name": "Crispsh | كرسبش سويدي",
        "email": "old-1179752750-allouji77@foodorigins.sa",
        "phone": "681966583825539",
        "latitude": "24.58239786537568",
        "longitude": "46.65424333313521",
        "city": "",
        "address": "HMJ3+XM8، الزهرة، الرياض 12985، السعودية",
        "minimumOrderValue": 0,
        "orderDelivery": true,
        "orderPickUp": true,
        "availabilityAlert": {
          "showMessage": false,
          "opensAt": 1761253200,
          "closesAt": 1761339540,
          "message": null,
          "enableSchedule": true,
          "open24Hour": true
        },
        "isPickupAllowed": true,
        "isDeliveryAllowed": true,
        "activatedCarService": false,
        "isGiftAllowed": true,
        "enableCarDetails": true,
        "enableSlot": false,
        "isCustomizedCakeChef": false,
        "chefCuisines": [
          "Burger",
          "Free Delivery",
          "Gathering",
          "Fast Food"
        ]
      },
      "is_prepaid_mandatory": true,
      "customerCarDetail": "",
      "deliveryDate": "2025-10-11",
      "deliveryTime": "23:48",
      "dishes": [
        {
          "itemId": 1141925151,
          "dishId": 2941699,
          "dishName": "بوكس الحلقة الاخيرة",
          "dishImage": [
            "https://media.thechefz.co/content/thump_chefs/f4Dic_nzvzNRJSf_Z0Pe6Bmymebit_Tq.jpg"
          ],
          "qty": 1,
          "pricePerDish": "39.00",
          "originalPricePerDish": "39.00",
          "maxQuantity": 50000,
          "isFreeMeal": false,
          "customerOptions": null,
          "giftCard": null,
          "addons": null,
          "variety": null,
          "preparationOptions": null,
          "plateInsuranceEnabled": false,
          "returnDeliveryOnly": false,
          "insurancePrice": "0.00",
          "minPrepareTime": "00:30:00",
          "minQty": 1,
          "noteToChef": "",
          "itemTotal": "39.00",
          "originItemTotal": "39.00",
          "itemTotalDouble": 39,
          "favoriteDish": false,
          "discount": [],
          "writeOnDish": {
            "status": 1,
            "maxCharSize": 500,
            "placeholder": null
          },
          "offer": null
        }
      ],
      "deliveryFee": "15.00",
      "returnFee": null,
      "originalTotalPrice": "54.00",
      "discount": {
        "promoCodeType": 6,
        "oldPrice": "39.00",
        "promoCodeValue": "",
        "priceAfterUsingPromoCode": "39.00",
        "promoCodeDiscountValue": "15.00",
        "promoCodePriceBeforeDiscount": "15.00",
        "totalPrice": "39.00"
      },
      "applicableDeliveryPromotion": {
        "maximum_value": "15.00",
        "valid_till": "2025-12-31 23:00:00",
        "discount": "15.00",
        "deliveryFeeAfterDiscount": "0.00",
        "minimum_order_value": "35.00",
        "promotion_message": "خصم توصيل مجاني",
        "promotion_split_message": "ادنى حد لقيمة الطلب هي 35.00 ريال."
      },
      "promotion_encourage_messages": {
        "message_amount_to_get_delivery_discount": "تم تفعيل خصم التوصيل بنجاح!",
        "remaining_amount": null,
        "message_percentage_for_promotion_cart": "100%"
      },
      "deliveryPromotationInfo": [
        {
          "title": "{$1} خصم على رسوم التوصيل",
          "titleVariable": "15 ريال",
          "subTitle": "اطلب بقيمة {$1} للحصول على خصم رسوم توصيل {$2}",
          "subTitleVariable1": "35 ريال",
          "subTitleVariable2": "15 ريال",
          "chefChargePercentage": "54.00"
        }
      ],
      "deliveryPromotation": {
        "tiers": [
          {
            "title": "15 ريال",
            "percentage": 100,
            "isActive": true
          }
        ],
        "titleVariable1": "15",
        "titleVariable2": null,
        "title": "استمتع بخصم {$1} ريال على رسوم التوصيل"
      },
      "dishTotal": "39.00",
      "serviceFee": null,
      "vat": {
        "percentage": "على اﻷطباق 15",
        "value": 5.09,
        "serviceFeeVat": 0,
        "title": "ضريبة القيمة المضافة على الأطباق %15"
      },
      "totalPrice": "39.00",
      "netTotal": "39.00",
      "totalInsurancePrice": "0.00",
      "totalDeliveryFee": "15.00",
      "orderPickUp": true,
      "orderDelivery": true,
      "defaultCard": null,
      "hideDriverCalls": true,
      "enableDriverCalls": true,
      "VATCertificate": {
        "1": "https://media.thechefz.co/content/extra/vat-certificate-1.png",
        "2": "https://media.thechefz.co/content/extra/vat-certificate-2.png"
      },
      "hidden_payment_options": [],
      "deliveryMethod": 1,
      "enable_rollbar": true,
      "isCatering": false,
      "totalCookingTime": "00:30:00",
      "cookingDurationFormatted": "٣٠ دقيقة",
      "cookingTimeFormatted": "30 دقيقة",
      "isOrderNow": true,
      "isAutoDeliveryFeeEnabled": true,
      "isFastestTime": true,
      "scheduledTime": null,
      "estimatedCookingTime": "24-10-2025 04:14 PM",
      "estimatedArrivalDate": "24-10-2025",
      "estimatedArrivalTime": "04:25 م",
      "estimatedArrivalDetails": {
        "fromTime": "04:08 م",
        "toTime": "04:25 م"
      },
      "estimatedArrivalDateTime": "24-10-2025 04:25 PM",
      "fastestTimeWithBuffer": "24-10-2025 04:25 PM",
      "estimatedDuration": "00:11:00",
      "estimatedDistance": "4.4 km",
      "estimatedCost": "15.00",
      "walletBalance": "0.00",
      "wallets_details": null,
      "walletStatus": 1,
      "isTamaraPaymentEnabled": true,
      "showTamaraPayment": true,
      "showSTCPayPayment": true,
      "isSplitPaymentEnabled": true,
      "showSplitPayment": false,
      "timeToCancel": "05",
      "giftSetting": {
        "giftEnabled": true,
        "unknownLocationAllowed": true,
        "unknownPhoneAllowed": false,
        "promoCodeAllowed": true
      },
      "gift": null,
      "ServiceFeeSetting": {
        "isEnabled": false,
        "title": "رسوم الخدمة",
        "description": "هذه الرسوم تساعدنا لتقديم أفضل تجربة لك"
      }
    }
  }
}