{
  "source": "TheChefz",
  "endpoint": "get_cart_pricing",
  "method": "GET",
  "timestamp": "2025-10-24T12:45:25.256Z",
  "status_code": 200,
  "request": {
    "params": {
      "arrivalTime": "now",
      "latitude": 24.59684724142691,
      "longitude": 46.67517745620113
    },
    "url": "https://api.thechefz.co/v9/my-cart"
  },
  "response": {
    "success": true,
    "meta": {
      "defaultPaymentGateway": 2,
      "return_type": 0
    },
    "data": {
      "cartId": 549723188,
      "chefId": 7119426,
      "chefName": "KANTAKA|كنتكه",
      "atmPaymentEnabled": true,
      "chef": {
        "chefId": 18744148,
        "profilePicture": "/thump_chefs/",
        "name": "KANTAKA| كنتكه شبرا",
        "email": "kantakaksa52@gmail.com",
        "phone": "966550390156",
        "latitude": "24.56996250000000",
        "longitude": "46.66398440000000",
        "city": "",
        "address": "HM97+XHQ, Riyadh Saudi Arabia",
        "minimumOrderValue": 0,
        "orderDelivery": true,
        "orderPickUp": true,
        "availabilityAlert": {
          "showMessage": false,
          "opensAt": 1761298200,
          "closesAt": 1761349500,
          "message": null,
          "enableSchedule": true,
          "open24Hour": false
        },
        "isPickupAllowed": false,
        "isDeliveryAllowed": true,
        "activatedCarService": false,
        "isGiftAllowed": true,
        "enableCarDetails": false,
        "enableSlot": false,
        "isCustomizedCakeChef": false,
        "chefCuisines": [
          "Free Delivery",
          "Fast Food"
        ]
      },
      "is_prepaid_mandatory": true,
      "customerCarDetail": "",
      "deliveryDate": "2025-10-11",
      "deliveryTime": "23:48",
      "dishes": [
        {
          "itemId": 1141941356,
          "dishId": 1804841,
          "dishName": "حولها وجبة ووفر",
          "dishImage": [
            "https://media.thechefz.co/content/thump_chefs/qnlJGNpKNfLcuvhFmjg7hxUaCe7aATIO.jpg"
          ],
          "qty": 1,
          "pricePerDish": "38.00",
          "originalPricePerDish": "38.00",
          "maxQuantity": 50000,
          "isFreeMeal": false,
          "customerOptions": null,
          "giftCard": null,
          "addons": null,
          "variety": null,
          "preparationOptions": null,
          "plateInsuranceEnabled": false,
          "returnDeliveryOnly": false,
          "insurancePrice": "0.00",
          "minPrepareTime": "00:45:00",
          "minQty": 1,
          "noteToChef": "",
          "itemTotal": "38.00",
          "originItemTotal": "38.00",
          "itemTotalDouble": 38,
          "favoriteDish": false,
          "discount": [],
          "writeOnDish": {
            "status": 1,
            "maxCharSize": 500,
            "placeholder": null
          },
          "offer": null
        }
      ],
      "deliveryFee": "17.00",
      "returnFee": null,
      "originalTotalPrice": "55.00",
      "discount": {
        "promoCodeType": 6,
        "oldPrice": "40.00",
        "promoCodeValue": "",
        "priceAfterUsingPromoCode": "40.00",
        "promoCodeDiscountValue": "15.00",
        "promoCodePriceBeforeDiscount": "17.00",
        "totalPrice": "40.00"
      },
      "applicableDeliveryPromotion": {
        "maximum_value": "15.00",
        "valid_till": "2026-01-01 00:00:00",
        "discount": "15.00",
        "deliveryFeeAfterDiscount": "2.00",
        "minimum_order_value": "35.00",
        "promotion_message": "خصم توصيل مجاني",
        "promotion_split_message": "ادنى حد لقيمة الطلب هي 35.00 ريال."
      },
      "promotion_encourage_messages": {
        "message_amount_to_get_delivery_discount": "تم تفعيل خصم التوصيل بنجاح!",
        "remaining_amount": null,
        "message_percentage_for_promotion_cart": "100%"
      },
      "deliveryPromotationInfo": [
        {
          "title": "{$1} خصم على رسوم التوصيل",
          "titleVariable": "15 ريال",
          "subTitle": "اطلب بقيمة {$1} للحصول على خصم رسوم توصيل {$2}",
          "subTitleVariable1": "35 ريال",
          "subTitleVariable2": "15 ريال",
          "chefChargePercentage": "54.00"
        }
      ],
      "deliveryPromotation": {
        "tiers": [
          {
            "title": "15 ريال",
            "percentage": 100,
            "isActive": true
          }
        ],
        "titleVariable1": "15",
        "titleVariable2": null,
        "title": "استمتع بخصم {$1} ريال على رسوم التوصيل"
      },
      "dishTotal": "38.00",
      "serviceFee": null,
      "vat": {
        "percentage": "على اﻷطباق و التوصيل 15",
        "value": 5.22,
        "serviceFeeVat": 0,
        "title": "ضريبة القيمة المضافة على الأطباق و التوصيل %15"
      },
      "totalPrice": "40.00",
      "netTotal": "40.00",
      "totalInsurancePrice": "0.00",
      "totalDeliveryFee": "17.00",
      "orderPickUp": true,
      "orderDelivery": true,
      "defaultCard": null,
      "hideDriverCalls": true,
      "enableDriverCalls": true,
      "VATCertificate": {
        "1": "https://media.thechefz.co/content/extra/vat-certificate-1.png",
        "2": "https://media.thechefz.co/content/extra/vat-certificate-2.png"
      },
      "hidden_payment_options": [],
      "deliveryMethod": 1,
      "enable_rollbar": true,
      "isCatering": false,
      "totalCookingTime": "00:45:00",
      "cookingDurationFormatted": "٤٥ دقيقة",
      "cookingTimeFormatted": "45 دقيقة",
      "isOrderNow": true,
      "isAutoDeliveryFeeEnabled": true,
      "isFastestTime": true,
      "scheduledTime": null,
      "estimatedCookingTime": "24-10-2025 04:40 PM",
      "estimatedArrivalDate": "24-10-2025",
      "estimatedArrivalTime": "04:56 م",
      "estimatedArrivalDetails": {
        "fromTime": "04:39 م",
        "toTime": "04:56 م"
      },
      "estimatedArrivalDateTime": "24-10-2025 04:56 PM",
      "fastestTimeWithBuffer": "24-10-2025 04:56 PM",
      "estimatedDuration": "00:16:00",
      "estimatedDistance": "5.9 km",
      "estimatedCost": "17.00",
      "walletBalance": "0.00",
      "wallets_details": null,
      "walletStatus": 1,
      "isTamaraPaymentEnabled": true,
      "showTamaraPayment": true,
      "showSTCPayPayment": true,
      "isSplitPaymentEnabled": true,
      "showSplitPayment": false,
      "timeToCancel": "05",
      "giftSetting": {
        "giftEnabled": true,
        "unknownLocationAllowed": true,
        "unknownPhoneAllowed": false,
        "promoCodeAllowed": true
      },
      "gift": null,
      "ServiceFeeSetting": {
        "isEnabled": false,
        "title": "رسوم الخدمة",
        "description": "هذه الرسوم تساعدنا لتقديم أفضل تجربة لك"
      }
    }
  }
}