{
  "source": "TheChefz",
  "endpoint": "get_menu",
  "method": "GET",
  "timestamp": "2025-10-24T12:44:18.246Z",
  "status_code": 200,
  "request": {
    "params": {
      "expand": "supportVirtualCategories",
      "nearest_branch_id": 20125132,
      "page": "1"
    },
    "url": "https://api.thechefz.co/v9/chef-category/-1",
    "branchId": 20125132
  },
  "response": {
    "success": true,
    "appUpdate": {
      "appVersionIOS": 0,
      "messageAr": "نسخة متطورة وأكثر استقرارا، حمل التحديث الآن لتجربة أفضل",
      "messageEn": "a newer and more stable version is up now, please update",
      "appleStore": "https://goo.gl/cPhXkL",
      "forceUpdate": false,
      "appVersionAndroid": 0,
      "androidChefVersion": 0,
      "appVersion": null,
      "updateAndroidMessage": "",
      "androidChefPlayStore": null,
      "pickupFeatureEnabled": true,
      "orderTrackingEnabled": true,
      "requiredPaymentForPickupEnabled": true
    },
    "data": {
      "dishes": [
        {
          "id": 7070076,
          "name": "وجبة ونديز سنجل",
          "offer_enabled": false,
          "offer": [],
          "reviews": "56",
          "rating": "4.6",
          "photos": [
            "https://media.thechefz.co/content/thump_dish/xb3WHvsl02Nfp-EWB_cTFcAsEl3YtcAf.jpg"
          ],
          "discount": [],
          "price": "33.0",
          "old_price": "33.0",
          "isFavorite": false,
          "isOutOfStock": false,
          "availability_message": null
        },
        {
          "id": 7070030,
          "name": "كومبو دجاج حار",
          "offer_enabled": false,
          "offer": [],
          "reviews": "45",
          "rating": "4.5",
          "photos": [
            "https://media.thechefz.co/content/thump_dish/iX2JUOIpbl8iDBysJAKa5Sizt7BsCxMB.jpg"
          ],
          "discount": [],
          "price": "34.0",
          "old_price": "34.0",
          "isFavorite": false,
          "isOutOfStock": false,
          "availability_message": null
        },
        {
          "id": 7069457,
          "name": "ناجتس الدجاج",
          "offer_enabled": false,
          "offer": [],
          "reviews": "23",
          "rating": "4.6",
          "photos": [
            "https://media.thechefz.co/content/thump_dish/obH0BX8Ah2JXCD0enK8hEYuTP7hrQSQc.jpg"
          ],
          "discount": [],
          "price": "12.0",
          "old_price": "12.0",
          "isFavorite": false,
          "isOutOfStock": false,
          "availability_message": null
        },
        {
          "id": 7452344,
          "name": "بوكس بيجي دجاج كرسبي",
          "offer_enabled": false,
          "offer": [],
          "reviews": "48",
          "rating": "4.8",
          "photos": [
            "https://media.thechefz.co/content/thump_dish/XPy6MF7hMRhVzICLAcGm0lh7ewc1KyHK.jpg"
          ],
          "discount": [],
          "price": "22.0",
          "old_price": "22.0",
          "isFavorite": false,
          "isOutOfStock": false,
          "availability_message": null
        },
        {
          "id": 7070124,
          "name": "وجبة ونديز دبل كومبو",
          "offer_enabled": false,
          "offer": [],
          "reviews": "17",
          "rating": "4.8",
          "photos": [
            "https://media.thechefz.co/content/thump_dish/LFvqUoYbXDTtUJD5SLyvD4ASsiuEypQF.jpg"
          ],
          "discount": [],
          "price": "40.0",
          "old_price": "40.0",
          "isFavorite": false,
          "isOutOfStock": false,
          "availability_message": null
        },
        {
          "id": 7069076,
          "name": "بطاطس عادية",
          "offer_enabled": false,
          "offer": [],
          "reviews": "25",
          "rating": "4.6",
          "photos": [
            "https://media.thechefz.co/content/thump_dish/kXAciUNdjn5XB1tiPMW8Shn8R8YGGUaV.jpg"
          ],
          "discount": [],
          "price": "9.0",
          "old_price": "9.0",
          "isFavorite": false,
          "isOutOfStock": false,
          "availability_message": null
        },
        {
          "id": 7069048,
          "name": "حلقات البصل",
          "offer_enabled": false,
          "offer": [],
          "reviews": "20",
          "rating": "4.5",
          "photos": [
            "https://media.thechefz.co/content/thump_dish/OqwBg_l6q4AIml_WoBiC2iBta0mi0GT3.jpg"
          ],
          "discount": [],
          "price": "12.0",
          "old_price": "12.0",
          "isFavorite": false,
          "isOutOfStock": false,
          "availability_message": null
        },
        {
          "id": 7068688,
          "name": "ساندوتش دجاج كلاسيك",
          "offer_enabled": false,
          "offer": [],
          "reviews": "23",
          "rating": "4.5",
          "photos": [
            "https://media.thechefz.co/content/thump_dish/youlX4UpSIeC-KmoY7qJx9AQGh86U9n4.jpg"
          ],
          "discount": [],
          "price": "26.0",
          "old_price": "26.0",
          "isFavorite": false,
          "isOutOfStock": false,
          "availability_message": null
        }
      ]
    }
  }
}