{
  "source": "TheChefz",
  "endpoint": "get_menu",
  "method": "GET",
  "timestamp": "2025-10-24T13:01:12.753Z",
  "status_code": 200,
  "request": {
    "params": {
      "expand": "supportVirtualCategories",
      "nearest_branch_id": 11275558,
      "page": "1"
    },
    "url": "https://api.thechefz.co/v9/chef-category/-1",
    "branchId": 11275558
  },
  "response": {
    "success": true,
    "appUpdate": {
      "appVersionIOS": 0,
      "messageAr": "نسخة متطورة وأكثر استقرارا، حمل التحديث الآن لتجربة أفضل",
      "messageEn": "a newer and more stable version is up now, please update",
      "appleStore": "https://goo.gl/cPhXkL",
      "forceUpdate": false,
      "appVersionAndroid": 0,
      "androidChefVersion": 0,
      "appVersion": null,
      "updateAndroidMessage": "",
      "androidChefPlayStore": null,
      "pickupFeatureEnabled": true,
      "orderTrackingEnabled": true,
      "requiredPaymentForPickupEnabled": true
    },
    "data": {
      "dishes": [
        {
          "id": 1298177,
          "name": "المشروبات الغازية",
          "offer_enabled": false,
          "offer": [],
          "reviews": "595",
          "rating": "4.7",
          "photos": [
            "https://media.thechefz.co/content/thump_dish/QVXMLnBw6fdbVy-it9n_TWjZJfmKuYDJ.png"
          ],
          "discount": [],
          "price": "6.0",
          "old_price": "6.0",
          "isFavorite": false,
          "isOutOfStock": false,
          "availability_message": null
        },
        {
          "id": 1298089,
          "name": "كلاسيك برجر",
          "offer_enabled": false,
          "offer": [],
          "reviews": "655",
          "rating": "4.7",
          "photos": [
            "https://media.thechefz.co/content/thump_dish/fgVevPXq1e3CkfIfco_MqhARfetOPXSt.jpg"
          ],
          "discount": [],
          "price": "29.0",
          "old_price": "29.0",
          "isFavorite": false,
          "isOutOfStock": false,
          "availability_message": null
        },
        {
          "id": 2941699,
          "name": "بوكس الحلقة الاخيرة",
          "offer_enabled": false,
          "offer": [],
          "reviews": "616",
          "rating": "4.7",
          "photos": [
            "https://media.thechefz.co/content/thump_dish/f4Dic_nzvzNRJSf_Z0Pe6Bmymebit_Tq.jpg"
          ],
          "discount": [],
          "price": "39.0",
          "old_price": "39.0",
          "isFavorite": false,
          "isOutOfStock": false,
          "availability_message": null
        },
        {
          "id": 1298147,
          "name": "بطاطس مقلية",
          "offer_enabled": false,
          "offer": [],
          "reviews": "508",
          "rating": "4.6",
          "photos": [
            "https://media.thechefz.co/content/thump_dish/MnheKjObY2UVYA8LJh0Gw41vfQAdjFvz.jpg"
          ],
          "discount": [],
          "price": "9.0",
          "old_price": "9.0",
          "isFavorite": false,
          "isOutOfStock": false,
          "availability_message": null
        },
        {
          "id": 1298136,
          "name": "فرايز كرسبش",
          "offer_enabled": false,
          "offer": [],
          "reviews": "453",
          "rating": "4.6",
          "photos": [
            "https://media.thechefz.co/content/thump_dish/Cib_yTsvSROq1Khq79Rj7TdUm2tmY-N7.jpg"
          ],
          "discount": [],
          "price": "19.0",
          "old_price": "19.0",
          "isFavorite": false,
          "isOutOfStock": false,
          "availability_message": null
        },
        {
          "id": 1298157,
          "name": "كرسبش راب",
          "offer_enabled": false,
          "offer": [],
          "reviews": "343",
          "rating": "4.7",
          "photos": [
            "https://media.thechefz.co/content/thump_dish/4-Ld1xGyLRd-0SIunffxFYtA1K4uXt8r.jpg"
          ],
          "discount": [],
          "price": "18.0",
          "old_price": "18.0",
          "isFavorite": false,
          "isOutOfStock": false,
          "availability_message": null
        },
        {
          "id": 2941752,
          "name": "بوكس كرسبش راب",
          "offer_enabled": false,
          "offer": [],
          "reviews": "190",
          "rating": "4.7",
          "photos": [
            "https://media.thechefz.co/content/thump_dish/75nujOaSRIo_uKPG_nusln13TVzj1qrp.png"
          ],
          "discount": [],
          "price": "29.0",
          "old_price": "29.0",
          "isFavorite": false,
          "isOutOfStock": false,
          "availability_message": null
        },
        {
          "id": 1298121,
          "name": "ميبل برجر",
          "offer_enabled": false,
          "offer": [],
          "reviews": "185",
          "rating": "4.6",
          "photos": [
            "https://media.thechefz.co/content/thump_dish/crHIkVQ2R2o7e06eGHbNtGC3DfED0v13.jpg"
          ],
          "discount": [],
          "price": "31.0",
          "old_price": "31.0",
          "isFavorite": false,
          "isOutOfStock": false,
          "availability_message": null
        }
      ]
    }
  }
}