{
  "source": "TheChefz",
  "endpoint": "get_menu",
  "method": "GET",
  "timestamp": "2025-10-24T12:44:08.118Z",
  "status_code": 200,
  "request": {
    "params": {
      "expand": "supportVirtualCategories",
      "nearest_branch_id": 16279301,
      "page": "1"
    },
    "url": "https://api.thechefz.co/v9/chef-category/-1",
    "branchId": 16279301
  },
  "response": {
    "success": true,
    "appUpdate": {
      "appVersionIOS": 0,
      "messageAr": "نسخة متطورة وأكثر استقرارا، حمل التحديث الآن لتجربة أفضل",
      "messageEn": "a newer and more stable version is up now, please update",
      "appleStore": "https://goo.gl/cPhXkL",
      "forceUpdate": false,
      "appVersionAndroid": 0,
      "androidChefVersion": 0,
      "appVersion": null,
      "updateAndroidMessage": "",
      "androidChefPlayStore": null,
      "pickupFeatureEnabled": true,
      "orderTrackingEnabled": true,
      "requiredPaymentForPickupEnabled": true
    },
    "data": {
      "dishes": [
        {
          "id": 5114457,
          "name": "وجبة دبل تشيز",
          "offer_enabled": false,
          "offer": [],
          "reviews": "3",
          "rating": "5.0",
          "photos": [
            "https://media.thechefz.co/content/thump_dish/3VzqXNbQFR-998aarnOPvbbIgqrNi_vK.jpg"
          ],
          "discount": [],
          "price": "33.0",
          "old_price": "33.0",
          "isFavorite": false,
          "isOutOfStock": false,
          "availability_message": null
        },
        {
          "id": 5114484,
          "name": "جمعات دبل تشيز",
          "offer_enabled": false,
          "offer": [],
          "reviews": "2",
          "rating": "5.0",
          "photos": [
            "https://media.thechefz.co/content/thump_dish/CDp2CaO2_eJyYHUaKApRayqiZ5qC2LJj.jpg"
          ],
          "discount": [],
          "price": "97.0",
          "old_price": "97.0",
          "isFavorite": false,
          "isOutOfStock": false,
          "availability_message": null
        },
        {
          "id": 5114475,
          "name": "وجبة دجاج",
          "offer_enabled": false,
          "offer": [],
          "reviews": "1",
          "rating": "5.0",
          "photos": [
            "https://media.thechefz.co/content/thump_dish/jjWVvWfKCAio7zPDh6_cW7_e34V5oiHr.jpg"
          ],
          "discount": [],
          "price": "31.0",
          "old_price": "31.0",
          "isFavorite": false,
          "isOutOfStock": false,
          "availability_message": null
        },
        {
          "id": 5114466,
          "name": "وجبة تربل تشيز",
          "offer_enabled": false,
          "offer": [],
          "reviews": "2",
          "rating": "5.0",
          "photos": [
            "https://media.thechefz.co/content/thump_dish/iYvJpdcHUN0CqlUVK7pIbtJYHjpJiqFC.jpg"
          ],
          "discount": [],
          "price": "41.0",
          "old_price": "41.0",
          "isFavorite": false,
          "isOutOfStock": false,
          "availability_message": null
        },
        {
          "id": 5114502,
          "name": "دجاج",
          "offer_enabled": false,
          "offer": [],
          "reviews": "1",
          "rating": "5.0",
          "photos": [
            "https://media.thechefz.co/content/thump_dish/Xnau5BKOcjy8ejYzG-Jnwr60vm192PPT.jpg"
          ],
          "discount": [],
          "price": "20.0",
          "old_price": "20.0",
          "isFavorite": false,
          "isOutOfStock": false,
          "availability_message": null
        },
        {
          "id": 7272777,
          "name": "جمعات الدجاج",
          "offer_enabled": false,
          "offer": [],
          "reviews": "0",
          "rating": null,
          "photos": [
            "https://media.thechefz.co/content/thump_dish/f1E3rVLEChPJdCgKDc9Hl9EWzQHe120F.jpg"
          ],
          "discount": [],
          "price": "87.0",
          "old_price": "87.0",
          "isFavorite": false,
          "isOutOfStock": false,
          "availability_message": null
        },
        {
          "id": 7217539,
          "name": "دجاج سبايسي",
          "offer_enabled": false,
          "offer": [],
          "reviews": "0",
          "rating": null,
          "photos": [
            "https://media.thechefz.co/content/thump_dish/oNKgunk7bp8rpl-upR1GziTN9agcPtwG.jpg"
          ],
          "discount": [],
          "price": "22.0",
          "old_price": "22.0",
          "isFavorite": false,
          "isOutOfStock": false,
          "availability_message": null
        },
        {
          "id": 5114619,
          "name": "ميرندا حمضيات",
          "offer_enabled": false,
          "offer": [],
          "reviews": "0",
          "rating": null,
          "photos": [
            "https://media.thechefz.co/content/thump_dish/syOPzLMOcd_Myk6JBwnIe8retpJWEoBP.jpg"
          ],
          "discount": [],
          "price": "6.0",
          "old_price": "6.0",
          "isFavorite": false,
          "isOutOfStock": false,
          "availability_message": null
        }
      ]
    }
  }
}