{
  "source": "TheChefz",
  "endpoint": "get_menu",
  "method": "GET",
  "timestamp": "2025-10-24T12:45:24.474Z",
  "status_code": 200,
  "request": {
    "params": {
      "expand": "supportVirtualCategories",
      "nearest_branch_id": 18744148,
      "page": "1"
    },
    "url": "https://api.thechefz.co/v9/chef-category/-1",
    "branchId": 18744148
  },
  "response": {
    "success": true,
    "appUpdate": {
      "appVersionIOS": 0,
      "messageAr": "نسخة متطورة وأكثر استقرارا، حمل التحديث الآن لتجربة أفضل",
      "messageEn": "a newer and more stable version is up now, please update",
      "appleStore": "https://goo.gl/cPhXkL",
      "forceUpdate": false,
      "appVersionAndroid": 0,
      "androidChefVersion": 0,
      "appVersion": null,
      "updateAndroidMessage": "",
      "androidChefPlayStore": null,
      "pickupFeatureEnabled": true,
      "orderTrackingEnabled": true,
      "requiredPaymentForPickupEnabled": true
    },
    "data": {
      "dishes": [
        {
          "id": 1697748,
          "name": "بروستد دجاج",
          "offer_enabled": false,
          "offer": [],
          "reviews": "229",
          "rating": "4.3",
          "photos": [
            "https://media.thechefz.co/content/thump_dish/PAFzCPvtXQkv3_5aYFv5SHF62IGX_5l6.jpg"
          ],
          "discount": [],
          "price": "29.0",
          "old_price": "29.0",
          "isFavorite": false,
          "isOutOfStock": false,
          "availability_message": null
        },
        {
          "id": 1804841,
          "name": "حولها وجبة ووفر",
          "offer_enabled": false,
          "offer": [],
          "reviews": "173",
          "rating": "4.3",
          "photos": [
            "https://media.thechefz.co/content/thump_dish/qnlJGNpKNfLcuvhFmjg7hxUaCe7aATIO.jpg"
          ],
          "discount": [],
          "price": "38.0",
          "old_price": "38.0",
          "isFavorite": false,
          "isOutOfStock": false,
          "availability_message": null
        },
        {
          "id": 1776576,
          "name": "صلصة الثوم",
          "offer_enabled": false,
          "offer": [],
          "reviews": "73",
          "rating": "4.6",
          "photos": [
            "https://media.thechefz.co/content/thump_dish/bWYo7Sq7YTQzxGKSjNqKme8JaKDuhMvh.jpg"
          ],
          "discount": [],
          "price": "2.0",
          "old_price": "2.0",
          "isFavorite": false,
          "isOutOfStock": false,
          "availability_message": null
        },
        {
          "id": 1697764,
          "name": "المشروبات الغازية",
          "offer_enabled": false,
          "offer": [],
          "reviews": "60",
          "rating": "4.7",
          "photos": [
            "https://media.thechefz.co/content/thump_dish/5W2ga75nCTww_2Zmc4LbyPF5RPj4z672.jpg"
          ],
          "discount": [],
          "price": "5.0",
          "old_price": "5.0",
          "isFavorite": false,
          "isOutOfStock": false,
          "availability_message": null
        },
        {
          "id": 1697753,
          "name": "حمص",
          "offer_enabled": false,
          "offer": [],
          "reviews": "65",
          "rating": "4.2",
          "photos": [
            "https://media.thechefz.co/content/thump_dish/P8Q07TcZrdxdCUektxWmbpel0TeUpA6n.jpg"
          ],
          "discount": [],
          "price": "11.0",
          "old_price": "11.0",
          "isFavorite": false,
          "isOutOfStock": false,
          "availability_message": null
        },
        {
          "id": 2838005,
          "name": "صوص كنتكه",
          "offer_enabled": false,
          "offer": [],
          "reviews": "53",
          "rating": "4.8",
          "photos": [
            "https://media.thechefz.co/content/thump_dish/H9Ux8XsxNh620RBTGjYRjNn5G4eY7yst.jpg"
          ],
          "discount": [],
          "price": "3.0",
          "old_price": "3.0",
          "isFavorite": false,
          "isOutOfStock": false,
          "availability_message": null
        },
        {
          "id": 2838001,
          "name": "ستريبس دجاج مع بطاطس",
          "offer_enabled": false,
          "offer": [],
          "reviews": "26",
          "rating": "4.5",
          "photos": [
            "https://media.thechefz.co/content/thump_dish/wrm7GmaIDa_Ob6F1Kikbaw1A-QvEC--z.jpg"
          ],
          "discount": [],
          "price": "29.0",
          "old_price": "29.0",
          "isFavorite": false,
          "isOutOfStock": false,
          "availability_message": null
        },
        {
          "id": 2838010,
          "name": "ستربس دجاج",
          "offer_enabled": false,
          "offer": [],
          "reviews": "23",
          "rating": "4.5",
          "photos": [
            "https://media.thechefz.co/content/thump_dish/muJNuWxIEwbRJCKo3URia2efpBdmCd37.jpg"
          ],
          "discount": [],
          "price": "17.0",
          "old_price": "17.0",
          "isFavorite": false,
          "isOutOfStock": false,
          "availability_message": null
        }
      ]
    }
  }
}