{
  "source": "Jahez",
  "endpoint": "calculate_delivery_cart",
  "method": "POST",
  "timestamp": "2025-10-24T12:45:28.982Z",
  "status_code": 200,
  "request": {
    "url": "https://jahez-portal-gateway.jahez.net/new-order/api/v5/cart/create?",
    "payload": {
      "deliveryType": "H",
      "menuItems": [
        {
          "itemOptions": [],
          "itemId": "1929730",
          "quantity": 1,
          "uniqueId": "1761309928736",
          "image": "https://d2sdbeqrqgwwdu.cloudfront.net/ceae7caa-8a60-4c16-8430-41027f38066b/520b01b9-8e0f-4209-8f79-4c8625077781-MxM.webp"
        }
      ],
      "useCustomerWallet": false,
      "branchId": "207548",
      "deliveryLocation": {
        "longitude": 46.67517745620113,
        "latitude": 24.59684724142691
      },
      "restaurantId": 23734,
      "customerLocation": {
        "longitude": 46.67517745620113,
        "latitude": 24.59684724142691,
        "fullAddress": "User Location"
      }
    },
    "restaurantId": 23734,
    "branchId": 207548
  },
  "response": {
    "cartId": "5d375581-66f2-479b-b046-f38153535809",
    "tableNumber": null,
    "isVipOrder": false,
    "branchId": 207548,
    "restaurantId": 23734,
    "deliveryType": "H",
    "scheduleDateTime": null,
    "addressId": null,
    "useCustomerWallet": false,
    "customerComment": null,
    "vatandcurrency": {
      "currency": "SAR",
      "vatPercentage": 15,
      "deliveryVatPercentage": 15,
      "walletAmount": 0.35
    },
    "invoiceBeforeDiscount": {
      "subTotal": 109,
      "delivery": 18,
      "total": 127,
      "vatCost": 16.56,
      "couponAmount": null,
      "serviceFee": null
    },
    "offer": {
      "offerId": null,
      "delivery": 1,
      "prime": false,
      "subTotal": 109,
      "total": 110,
      "vatCost": 14.35,
      "couponValue": null,
      "serviceFee": null
    },
    "coupon": null,
    "comboItemList": [],
    "deliveryLocation": {
      "branchId": null,
      "longitude": 46.67517745620113,
      "latitude": 24.59684724142691,
      "vatEnabled": null,
      "subTotal": null
    },
    "customerLocation": {
      "longitude": 46.67517745620113,
      "latitude": 24.59684724142691,
      "fullAddress": "User Location"
    },
    "menuItems": [
      {
        "id": "7dcccb57-6909-446b-abd6-63a431adf22f",
        "itemId": "1929730",
        "uniqueId": "1761309928736",
        "image": "https://d2sdbeqrqgwwdu.cloudfront.net/ceae7caa-8a60-4c16-8430-41027f38066b/520b01b9-8e0f-4209-8f79-4c8625077781-MxM.webp",
        "quantity": 1,
        "price": 109,
        "originalPrice": 109,
        "name": "Broasted Bucket with fries & soft drink free",
        "nameAr": " سطل بروستد مع بطاطس و مشروب غازي مجانا",
        "size": "Spicy",
        "sizeAr": "سبايسي",
        "packageName": null,
        "currency": "SAR",
        "branchAvailable": false,
        "timeAvailable": false,
        "itemOptions": [],
        "itemChoices": null,
        "isAvailable": true,
        "hasDiscount": false
      }
    ],
    "menuClass": "JAHEZ",
    "delivery": {
      "tier": {
        "id": 73014,
        "tierEnglishName": "Tier 4",
        "tierArabicName": "Tier 4",
        "startTier": 3,
        "endTier": 4,
        "tierPrice": 15.65,
        "sanedPrice": 12,
        "sanedAdjustmenPrice": -3.65
      },
      "appliedOffer": {
        "id": 998,
        "englishName": "1 Riyal",
        "arabicName": "1 ريال ",
        "englishDescription": "عرض الريال - اكتوبر",
        "arabicDescription": "عرض الريال - اكتوبر",
        "offerType": 0,
        "segment": 0,
        "amount": 0.87,
        "contribution": 0,
        "sponser": 2
      },
      "originalDeliveryPrice": 15.65,
      "calculatedDeliveryPrice": 0.87,
      "calculatedWafarhaPrice": 1.0005
    },
    "primeEligibility": {
      "offerId": null,
      "subTotal": 109,
      "delivery": 0,
      "total": 109,
      "vatCost": 14.22,
      "tipValue": null,
      "savedAmountWhenUsingPrime": null,
      "couponAmount": null
    },
    "sendToCreateOrder": {
      "orderAmount": 109,
      "deliveryPrice": 1,
      "totalAmount": 110,
      "vatAmount": 14.35
    },
    "userId": 20690575,
    "version": 5,
    "totalWithWallet": 109.65,
    "partnerDelivery": false,
    "isPrepaid": false,
    "restaurantType": 1
  }
}