{
  "source": "Jahez",
  "endpoint": "calculate_delivery_cart",
  "method": "POST",
  "timestamp": "2025-10-24T12:57:11.389Z",
  "status_code": 200,
  "request": {
    "url": "https://jahez-portal-gateway.jahez.net/new-order/api/v5/cart/create?",
    "payload": {
      "deliveryType": "H",
      "menuItems": [
        {
          "itemOptions": [],
          "itemId": "B-017-----68aaf4a8a82fcc556b4e58a43b79a",
          "quantity": 1,
          "uniqueId": "1761310631111",
          "image": "https://resizer.deliverect.com/z6qHVS0_3V-Ovh5kW4UuJ5353vU4iHNPhAQZ7UdkQk4/rt:fill/w:600/h:300/g:ce/el:0/cb:20251023-11/aHR0cHM6Ly9mb29kaWNzLWNvbnNvbGUtcHJvZHVjdGlvbi5zMy5ldS13ZXN0LTEuYW1hem9uYXdzLmNvbS9pbWFnZXMvODEwNjIyXzE2NjE3ODM5MDdfOTcyMzZiZjMtNWE2Mi00YzNmLWFiMzItMmI4ZWM1NTAwZDNjLmpwZw=="
        }
      ],
      "useCustomerWallet": false,
      "branchId": "106005",
      "deliveryLocation": {
        "longitude": 46.67528151991017,
        "latitude": 24.5969047504429
      },
      "restaurantId": 16040,
      "customerLocation": {
        "longitude": 46.67528151991017,
        "latitude": 24.5969047504429,
        "fullAddress": "User Location"
      }
    },
    "restaurantId": 16040,
    "branchId": 106005
  },
  "response": {
    "cartId": "4f56f1bb-245f-446b-ac5d-e6943f798e8c",
    "tableNumber": null,
    "isVipOrder": false,
    "branchId": 106005,
    "restaurantId": 16040,
    "deliveryType": "H",
    "scheduleDateTime": null,
    "addressId": null,
    "useCustomerWallet": false,
    "customerComment": null,
    "vatandcurrency": {
      "currency": "SAR",
      "vatPercentage": 15,
      "deliveryVatPercentage": 15,
      "walletAmount": 0.35
    },
    "invoiceBeforeDiscount": {
      "subTotal": 149,
      "delivery": 17,
      "total": 166,
      "vatCost": 21.65,
      "couponAmount": null,
      "serviceFee": null
    },
    "offer": {
      "offerId": null,
      "delivery": 3,
      "prime": false,
      "subTotal": 149,
      "total": 152,
      "vatCost": 19.83,
      "couponValue": null,
      "serviceFee": null
    },
    "coupon": null,
    "comboItemList": [],
    "deliveryLocation": {
      "branchId": null,
      "longitude": 46.67528151991017,
      "latitude": 24.5969047504429,
      "vatEnabled": null,
      "subTotal": null
    },
    "customerLocation": {
      "longitude": 46.67528151991017,
      "latitude": 24.5969047504429,
      "fullAddress": "User Location"
    },
    "menuItems": [
      {
        "id": "B-017-----68aaf4a8a82fcc556b4e58a43b79a",
        "itemId": "B-017-----68aaf4a8a82fcc556b4e58a43b79a",
        "uniqueId": "1761310631111",
        "image": "https://resizer.deliverect.com/z6qHVS0_3V-Ovh5kW4UuJ5353vU4iHNPhAQZ7UdkQk4/rt:fill/w:600/h:300/g:ce/el:0/cb:20251023-11/aHR0cHM6Ly9mb29kaWNzLWNvbnNvbGUtcHJvZHVjdGlvbi5zMy5ldS13ZXN0LTEuYW1hem9uYXdzLmNvbS9pbWFnZXMvODEwNjIyXzE2NjE3ODM5MDdfOTcyMzZiZjMtNWE2Mi00YzNmLWFiMzItMmI4ZWM1NTAwZDNjLmpwZw==",
        "quantity": 1,
        "price": 149,
        "originalPrice": 149,
        "name": "Gang Box",
        "nameAr": "جانج بوكس",
        "size": null,
        "sizeAr": null,
        "packageName": null,
        "currency": "SAR",
        "branchAvailable": false,
        "timeAvailable": false,
        "itemOptions": [],
        "itemChoices": null,
        "isAvailable": true,
        "hasDiscount": false
      }
    ],
    "menuClass": "UMC",
    "delivery": {
      "tier": {
        "id": 73013,
        "tierEnglishName": "Tier 3",
        "tierArabicName": "Tier 3",
        "startTier": 2,
        "endTier": 3,
        "tierPrice": 14.78,
        "sanedPrice": 10,
        "sanedAdjustmenPrice": -4.78
      },
      "appliedOffer": {
        "id": 999,
        "englishName": "3 Riyal",
        "arabicName": "3 ريال ",
        "englishDescription": "ثلاثه ريال - اكتوبر",
        "arabicDescription": "ثلاثه ريال - اكتوبر",
        "offerType": 0,
        "segment": 0,
        "amount": 2.61,
        "contribution": 7.83,
        "sponser": 2
      },
      "originalDeliveryPrice": 14.78,
      "calculatedDeliveryPrice": 2.61,
      "calculatedWafarhaPrice": 3.0014999999999996
    },
    "primeEligibility": {
      "offerId": null,
      "subTotal": 149,
      "delivery": 0,
      "total": 149,
      "vatCost": 19.43,
      "tipValue": null,
      "savedAmountWhenUsingPrime": null,
      "couponAmount": null
    },
    "sendToCreateOrder": {
      "orderAmount": 149,
      "deliveryPrice": 3,
      "totalAmount": 152,
      "vatAmount": 19.83
    },
    "userId": 20690575,
    "version": 5,
    "totalWithWallet": 151.65,
    "partnerDelivery": false,
    "isPrepaid": false,
    "restaurantType": 1
  }
}