{
  "source": "Jahez",
  "endpoint": "calculate_delivery_cart",
  "method": "POST",
  "timestamp": "2025-10-24T12:44:12.473Z",
  "status_code": 200,
  "request": {
    "url": "https://jahez-portal-gateway.jahez.net/new-order/api/v5/cart/create?",
    "payload": {
      "deliveryType": "H",
      "menuItems": [
        {
          "itemOptions": [],
          "itemId": "HM004-----66b2349bf4662bd61f0395029b523",
          "quantity": 1,
          "uniqueId": "1761309852214",
          "image": "https://resizer.deliverect.com/61WsJSaMYvHkvOI-SGY6BP0vYfKSsnUIvLHD2sG2XSk/rt:fill/w:600/h:300/g:ce/el:0/aHR0cHM6Ly9zdG9yYWdlLmdvb2dsZWFwaXMuY29tL2lrb25hLWJ1Y2tldC1wcm9kdWN0aW9uL2ltYWdlcy82MjVlN2M0MzdjZDQwNzAwMDZkYzk4ZTgvVHJpcGxlJTIwQ2hlZXNlJTIwR2F0aGVyaW5nLTY4MDYyNWI3ZTA4MWY2NTJiYzA4OGY5NC5qcGc="
        }
      ],
      "useCustomerWallet": false,
      "branchId": "44086",
      "deliveryLocation": {
        "longitude": 46.67517745620113,
        "latitude": 24.59684724142691
      },
      "restaurantId": 15014,
      "customerLocation": {
        "longitude": 46.67517745620113,
        "latitude": 24.59684724142691,
        "fullAddress": "User Location"
      }
    },
    "restaurantId": 15014,
    "branchId": 44086
  },
  "response": {
    "cartId": "1abb526b-64c4-41ae-8d19-89edd8c3e254",
    "tableNumber": null,
    "isVipOrder": false,
    "branchId": 44086,
    "restaurantId": 15014,
    "deliveryType": "H",
    "scheduleDateTime": null,
    "addressId": null,
    "useCustomerWallet": false,
    "customerComment": null,
    "vatandcurrency": {
      "currency": "SAR",
      "vatPercentage": 15,
      "deliveryVatPercentage": 15,
      "walletAmount": 0.35
    },
    "invoiceBeforeDiscount": {
      "subTotal": 129,
      "delivery": 18,
      "total": 147,
      "vatCost": 19.17,
      "couponAmount": null,
      "serviceFee": null
    },
    "offer": {
      "offerId": null,
      "delivery": 3,
      "prime": false,
      "subTotal": 129,
      "total": 132,
      "vatCost": 17.22,
      "couponValue": null,
      "serviceFee": null
    },
    "coupon": null,
    "comboItemList": [],
    "deliveryLocation": {
      "branchId": null,
      "longitude": 46.67517745620113,
      "latitude": 24.59684724142691,
      "vatEnabled": null,
      "subTotal": null
    },
    "customerLocation": {
      "longitude": 46.67517745620113,
      "latitude": 24.59684724142691,
      "fullAddress": "User Location"
    },
    "menuItems": [
      {
        "id": "HM004-----66b2349bf4662bd61f0395029b523",
        "itemId": "HM004-----66b2349bf4662bd61f0395029b523",
        "uniqueId": "1761309852214",
        "image": "https://resizer.deliverect.com/61WsJSaMYvHkvOI-SGY6BP0vYfKSsnUIvLHD2sG2XSk/rt:fill/w:600/h:300/g:ce/el:0/aHR0cHM6Ly9zdG9yYWdlLmdvb2dsZWFwaXMuY29tL2lrb25hLWJ1Y2tldC1wcm9kdWN0aW9uL2ltYWdlcy82MjVlN2M0MzdjZDQwNzAwMDZkYzk4ZTgvVHJpcGxlJTIwQ2hlZXNlJTIwR2F0aGVyaW5nLTY4MDYyNWI3ZTA4MWY2NTJiYzA4OGY5NC5qcGc=",
        "quantity": 1,
        "price": 129,
        "originalPrice": 129,
        "name": "Triple Cheese Gathering",
        "nameAr": "جمعات تربل تشيز",
        "size": null,
        "sizeAr": null,
        "packageName": null,
        "currency": "SAR",
        "branchAvailable": false,
        "timeAvailable": false,
        "itemOptions": [],
        "itemChoices": null,
        "isAvailable": true,
        "hasDiscount": false
      }
    ],
    "menuClass": "UMC",
    "delivery": {
      "tier": {
        "id": 73014,
        "tierEnglishName": "Tier 4",
        "tierArabicName": "Tier 4",
        "startTier": 3,
        "endTier": 4,
        "tierPrice": 15.65,
        "sanedPrice": 12,
        "sanedAdjustmenPrice": -3.65
      },
      "appliedOffer": {
        "id": 1065,
        "englishName": "3 Riyal",
        "arabicName": "3 ريال",
        "englishDescription": "عرض الثلاثة",
        "arabicDescription": "عرض الثلاثة",
        "offerType": 0,
        "segment": 0,
        "amount": 2.61,
        "contribution": 8.7,
        "sponser": 2
      },
      "originalDeliveryPrice": 15.65,
      "calculatedDeliveryPrice": 2.61,
      "calculatedWafarhaPrice": 0
    },
    "primeEligibility": null,
    "sendToCreateOrder": {
      "orderAmount": 129,
      "deliveryPrice": 3,
      "totalAmount": 132,
      "vatAmount": 17.22
    },
    "userId": 20690575,
    "version": 5,
    "totalWithWallet": 131.65,
    "partnerDelivery": false,
    "isPrepaid": false,
    "restaurantType": 1
  }
}