{
  "source": "Jahez",
  "endpoint": "get_menu",
  "method": "GET",
  "timestamp": "2025-10-24T12:27:17.059Z",
  "status_code": 200,
  "request": {
    "params": {
      "restaurantId": 16040,
      "branchId": 106005
    },
    "url": "https://jahez-portal-gateway.jahez.net/partner/api/v1/customer-mobile/customerMenu",
    "restaurantId": 16040,
    "branchId": 106005
  },
  "response": {
    "content": {
      "branchInfo": {
        "currency": "SAR",
        "branchStatus": "OPEN"
      },
      "categoryList": [
        {
          "categoryId": "68aaf4a8a82fcc556b4e58a7-----3b79a",
          "categoryName": "عرض",
          "categoryIndex": 0,
          "products": [
            {
              "itemId": "sk-0180-----68aaf4a8a82fcc556b4e58a73b79a",
              "itemName": "عرض لشخصين سعره 256 ",
              "description": "برجر كلاسيكي مع بطاطس مقلية مقرمشة ومشروبين",
              "price": 66.75,
              "originalPrice": 66.75,
              "isHaveValidDiscount": false,
              "image": "https://resizer.deliverect.com/9JYp_qQ2ovug8rAiStLgrE1-raHQKr-gi995aRHyTIw/rt:fill/w:600/h:300/g:ce/el:0/cb:20251023-11/aHR0cHM6Ly9mb29kaWNzLWNvbnNvbGUtcHJvZHVjdGlvbi5zMy5ldS13ZXN0LTEuYW1hem9uYXdzLmNvbS9pbWFnZXMvODEwNjIyXzE3NTY2NDE2OTNfOWZjNDAwNjktNjIxYi00ZWM1LWIxYjEtYzNkMTA3ODJiZTI4LmpwZw==",
              "index": 7354628,
              "quickAdd": false,
              "metadataHolder": {
                "calories": 256,
                "caloriesBurnRate": null,
                "allergenIds": [],
                "tagTypesIds": [],
                "nutritionFactsIds": []
              },
              "tags": [],
              "allergens": [],
              "nutritionFacts": []
            },
            {
              "itemId": "sk-0214-----68aaf4a8a82fcc556b4e58a73b79a",
              "itemName": "ميبل برجر وجبة",
              "description": "ميبل برجر + بطاطس + مشروب ",
              "price": 39.1,
              "originalPrice": 39.1,
              "isHaveValidDiscount": false,
              "image": "https://resizer.deliverect.com/bH9tHwJG1WEMa1hCy-FNHrce_Fxr9tamq2diI1SYwnE/rt:fill/w:600/h:300/g:ce/el:0/cb:20251023-11/aHR0cHM6Ly9mb29kaWNzLWNvbnNvbGUtcHJvZHVjdGlvbi5zMy5ldS13ZXN0LTEuYW1hem9uYXdzLmNvbS9pbWFnZXMvODEwNjIyXzE3NjA0Mjc1MzBfYTAxYzI1YzItY2U5Ny00ZTI2LTk4ZjItOWZiYmU3OTlhNDVmLmpwZw==",
              "index": 10888837,
              "quickAdd": false,
              "metadataHolder": {
                "calories": 0,
                "caloriesBurnRate": null,
                "allergenIds": [],
                "tagTypesIds": [],
                "nutritionFactsIds": []
              },
              "tags": [],
              "allergens": [],
              "nutritionFacts": []
            }
          ]
        },
        {
          "categoryId": "68aaf4a8a82fcc556b4e58a1-----3b79a",
          "categoryName": "برجر",
          "categoryIndex": 1,
          "products": [
            {
              "itemId": "B-001-----68aaf4a8a82fcc556b4e58a13b79a",
              "itemName": "كلاسيك برجر سعره 631 ",
              "description": "قطعة من صدور الدجاج المقرمشة مع صلصة مقرمشة خاصة",
              "price": 29,
              "originalPrice": 29,
              "isHaveValidDiscount": false,
              "image": "https://resizer.deliverect.com/grBJ6fALl9lwoRvJwS39noW-b5e9M6Cnxi4-ofuJZ2E/rt:fill/w:600/h:300/g:ce/el:0/cb:20251023-11/aHR0cHM6Ly9mb29kaWNzLWNvbnNvbGUtcHJvZHVjdGlvbi5zMy5ldS13ZXN0LTEuYW1hem9uYXdzLmNvbS9pbWFnZXMvODEwNjIyXzE2NjMxNDQyODNfOTc0MzE4NmItZmFmYy00ODFmLTk4ZmItMTkyNDZhMzc4ZGY3LmpwZw==",
              "index": 7354013,
              "quickAdd": false,
              "metadataHolder": {
                "calories": 631,
                "caloriesBurnRate": null,
                "allergenIds": [],
                "tagTypesIds": [],
                "nutritionFactsIds": []
              },
              "tags": [],
              "allergens": [],
              "nutritionFacts": []
            },
            {
              "itemId": "B-002-----68aaf4a8a82fcc556b4e58a13b79a",
              "itemName": "ميبل برجر سعره 740 ",
              "description": "قطعة من صدور الدجاج المقرمشة مع صلصة الكابل الحلوة",
              "price": 31,
              "originalPrice": 31,
              "isHaveValidDiscount": false,
              "image": "https://resizer.deliverect.com/R8RQwFWgLwdVpGuiv1m9LFwAlfNSfwX9Dvnm603qHmg/rt:fill/w:600/h:300/g:ce/el:0/cb:20251023-11/aHR0cHM6Ly9mb29kaWNzLWNvbnNvbGUtcHJvZHVjdGlvbi5zMy5ldS13ZXN0LTEuYW1hem9uYXdzLmNvbS9pbWFnZXMvODEwNjIyXzE2NjE3ODQzNzNfOTcyMzZlYmEtZTY5MS00ZDIyLThlYmUtZjZhZTRlYmEzMjZhLmpwZw==",
              "index": 7353946,
              "quickAdd": false,
              "metadataHolder": {
                "calories": 740,
                "caloriesBurnRate": null,
                "allergenIds": [],
                "tagTypesIds": [],
                "nutritionFactsIds": []
              },
              "tags": [],
              "allergens": [],
              "nutritionFacts": []
            },
            {
              "itemId": "B-003-----68aaf4a8a82fcc556b4e58a13b79a",
              "itemName": "سموكي برجر سعره 740 ",
              "description": "قطع دجاج بالعسل والسمسم مع الخضار وصلصة التارتار",
              "price": 32,
              "originalPrice": 32,
              "isHaveValidDiscount": false,
              "image": "https://resizer.deliverect.com/rWJnEM3_Has--PaJHkaAWeUIURWzl-3UgRfUTQabGFw/rt:fill/w:600/h:300/g:ce/el:0/cb:20251023-11/aHR0cHM6Ly9mb29kaWNzLWNvbnNvbGUtcHJvZHVjdGlvbi5zMy5ldS13ZXN0LTEuYW1hem9uYXdzLmNvbS9pbWFnZXMvODEwNjIyXzE2NjE3ODQ0NzFfOTcyMzZmNGYtYzU0Ny00ZDM3LThmYjYtYzAzZTk1ZmE2MzY0LmpwZw==",
              "index": 7354008,
              "quickAdd": false,
              "metadataHolder": {
                "calories": 740,
                "caloriesBurnRate": null,
                "allergenIds": [],
                "tagTypesIds": [],
                "nutritionFactsIds": []
              },
              "tags": [],
              "allergens": [],
              "nutritionFacts": []
            },
            {
              "itemId": "B-004-----68aaf4a8a82fcc556b4e58a13b79a",
              "itemName": "اورانج برجر سعره 640 ",
              "description": "قطعة صدر دجاج مقرمشة مع برتقال حار",
              "price": 31,
              "originalPrice": 31,
              "isHaveValidDiscount": false,
              "image": "https://resizer.deliverect.com/aZfuc5TnAMV4wAIcX6j7kKBCarhUhOcp968cGPXAeoc/rt:fill/w:600/h:300/g:ce/el:0/cb:20251023-11/aHR0cHM6Ly9mb29kaWNzLWNvbnNvbGUtcHJvZHVjdGlvbi5zMy5ldS13ZXN0LTEuYW1hem9uYXdzLmNvbS9pbWFnZXMvODEwNjIyXzE2NjE3ODQ0MjVfOTcyMzZmMDktODhlZS00NWQwLWI0NWUtNzIwODUzMDQ3MmRlLmpwZw==",
              "index": 7353965,
              "quickAdd": false,
              "metadataHolder": {
                "calories": 640,
                "caloriesBurnRate": null,
                "allergenIds": [],
                "tagTypesIds": [],
                "nutritionFactsIds": []
              },
              "tags": [],
              "allergens": [],
              "nutritionFacts": []
            },
            {
              "itemId": "sk-0074-----68aaf4a8a82fcc556b4e58a13b79a",
              "itemName": "بوكس الحلقة الاخيرة",
              "description": "يحتوي على برجر مع قطعة من البطاطس المقلية والصلصة",
              "price": 39,
              "originalPrice": 39,
              "isHaveValidDiscount": false,
              "image": "https://resizer.deliverect.com/V1Q1tznmnFZ_T81mBlKaGiIDGXnkyzFuZ7V4mipNW-k/rt:fill/w:600/h:300/g:ce/el:0/cb:20251023-11/aHR0cHM6Ly9mb29kaWNzLWNvbnNvbGUtcHJvZHVjdGlvbi5zMy5ldS13ZXN0LTEuYW1hem9uYXdzLmNvbS9pbWFnZXMvODEwNjIyXzE2ODA2MDg4NTNfOThkOWI5NWUtYjkxYi00ZjdmLWFiODctYjMyZWU2YzljYmI2LmpwZWc=",
              "index": 7354090,
              "quickAdd": false,
              "metadataHolder": {
                "calories": 0,
                "caloriesBurnRate": null,
                "allergenIds": [],
                "tagTypesIds": [],
                "nutritionFactsIds": []
              },
              "tags": [],
              "allergens": [],
              "nutritionFacts": []
            }
          ]
        },
        {
          "categoryId": "68aaf4a8a82fcc556b4e58a4-----3b79a",
          "categoryName": "بوكس التجمع",
          "categoryIndex": 2,
          "products": [
            {
              "itemId": "B-015-----68aaf4a8a82fcc556b4e58a43b79a",
              "itemName": "جست فريندز بوكس سعره 2411 ",
              "description": "دلو مملوء بالبرجر اللذيذ وخبز البروش",
              "price": 79,
              "originalPrice": 79,
              "isHaveValidDiscount": false,
              "image": "https://resizer.deliverect.com/8UzpYdw4qF1_tm6y7GJd6E8-LvoFPMTFNX0Kb445Jb8/rt:fill/w:600/h:300/g:ce/el:0/cb:20251023-11/aHR0cHM6Ly9mb29kaWNzLWNvbnNvbGUtcHJvZHVjdGlvbi5zMy5ldS13ZXN0LTEuYW1hem9uYXdzLmNvbS9pbWFnZXMvODEwNjIyXzE2NjE3ODM5OThfOTcyMzZjN2QtNzc2MS00YTU5LTg1MzMtNzdjYTA0OTc0MzgwLmpwZw==",
              "index": 7354091,
              "quickAdd": false,
              "metadataHolder": {
                "calories": 2411,
                "caloriesBurnRate": null,
                "allergenIds": [],
                "tagTypesIds": [],
                "nutritionFactsIds": []
              },
              "tags": [],
              "allergens": [],
              "nutritionFacts": []
            },
            {
              "itemId": "B-016-----68aaf4a8a82fcc556b4e58a43b79a",
              "itemName": "كرو بوكس سعره 2977 ",
              "description": "دلو مملوء بالبرجر اللذيذ وخبز البروش",
              "price": 119,
              "originalPrice": 119,
              "isHaveValidDiscount": false,
              "image": "https://resizer.deliverect.com/8J2yI685sQ3yBYQR4aYAc-buZJJU0CnFE-nSXTBrxZg/rt:fill/w:600/h:300/g:ce/el:0/cb:20251023-11/aHR0cHM6Ly9mb29kaWNzLWNvbnNvbGUtcHJvZHVjdGlvbi5zMy5ldS13ZXN0LTEuYW1hem9uYXdzLmNvbS9pbWFnZXMvODEwNjIyXzE2NjE3ODM5NjRfOTcyMzZjNDktOWEzNC00NWY1LWExYTYtNGY3YTY5ODY3OTFhLmpwZw==",
              "index": 7353940,
              "quickAdd": false,
              "metadataHolder": {
                "calories": 2977,
                "caloriesBurnRate": null,
                "allergenIds": [],
                "tagTypesIds": [],
                "nutritionFactsIds": []
              },
              "tags": [],
              "allergens": [],
              "nutritionFacts": []
            },
            {
              "itemId": "B-017-----68aaf4a8a82fcc556b4e58a43b79a",
              "itemName": "جانج بوكس سعره 3211 ",
              "description": "أربعة برجر مع أربع شرائح وخبزين",
              "price": 149,
              "originalPrice": 149,
              "isHaveValidDiscount": false,
              "image": "https://resizer.deliverect.com/z6qHVS0_3V-Ovh5kW4UuJ5353vU4iHNPhAQZ7UdkQk4/rt:fill/w:600/h:300/g:ce/el:0/cb:20251023-11/aHR0cHM6Ly9mb29kaWNzLWNvbnNvbGUtcHJvZHVjdGlvbi5zMy5ldS13ZXN0LTEuYW1hem9uYXdzLmNvbS9pbWFnZXMvODEwNjIyXzE2NjE3ODM5MDdfOTcyMzZiZjMtNWE2Mi00YzNmLWFiMzItMmI4ZWM1NTAwZDNjLmpwZw==",
              "index": 7354018,
              "quickAdd": false,
              "metadataHolder": {
                "calories": 3211,
                "caloriesBurnRate": null,
                "allergenIds": [],
                "tagTypesIds": [],
                "nutritionFactsIds": []
              },
              "tags": [],
              "allergens": [],
              "nutritionFacts": []
            }
          ]
        },
        {
          "categoryId": "68aaf4a8a82fcc556b4e58a5-----3b79a",
          "categoryName": "المقبلات",
          "categoryIndex": 3,
          "products": [
            {
              "itemId": "B-018-----68aaf4a8a82fcc556b4e58a53b79a",
              "itemName": "لولي بوب سعره 420 ",
              "description": "خمس قطع دجاج مقرمش مع بطاطس مقلية وخبز",
              "price": 34,
              "originalPrice": 34,
              "isHaveValidDiscount": false,
              "image": "https://resizer.deliverect.com/pXccdN0Jwq1ZmoCvmKl6NvcF3s0zUpcRvPQQ8yFjjZ8/rt:fill/w:600/h:300/g:ce/el:0/cb:20251023-11/aHR0cHM6Ly9mb29kaWNzLWNvbnNvbGUtcHJvZHVjdGlvbi5zMy5ldS13ZXN0LTEuYW1hem9uYXdzLmNvbS9pbWFnZXMvODEwNjIyXzE2NjEyNTA5ODJfOTcxNzAzNzgtYzRjMi00YTM1LWExN2QtZTY3NmRiN2NjNzJhLmpwZw==",
              "index": 7353941,
              "quickAdd": false,
              "metadataHolder": {
                "calories": 420,
                "caloriesBurnRate": null,
                "allergenIds": [],
                "tagTypesIds": [],
                "nutritionFactsIds": []
              },
              "tags": [],
              "allergens": [],
              "nutritionFacts": []
            },
            {
              "itemId": "B-019-----68aaf4a8a82fcc556b4e58a53b79a",
              "itemName": "فرايز سعره 320 ",
              "description": "بطاطس مقلية مقرمشة",
              "price": 9,
              "originalPrice": 9,
              "isHaveValidDiscount": false,
              "image": "https://resizer.deliverect.com/_Y1HETHm3VgQfDO_RhokABDZ6F8ZAvsciOYmzhiINPM/rt:fill/w:600/h:300/g:ce/el:0/cb:20251023-11/aHR0cHM6Ly9mb29kaWNzLWNvbnNvbGUtcHJvZHVjdGlvbi5zMy5ldS13ZXN0LTEuYW1hem9uYXdzLmNvbS9pbWFnZXMvODEwNjIyXzE2NjE3ODM4MzFfOTcyMzZiN2YtODc5OC00NjU1LWFhMmQtNWYyYTg4ZGMwMGZiLmpwZw==",
              "index": 7353975,
              "quickAdd": false,
              "metadataHolder": {
                "calories": 320,
                "caloriesBurnRate": null,
                "allergenIds": [],
                "tagTypesIds": [],
                "nutritionFactsIds": []
              },
              "tags": [],
              "allergens": [],
              "nutritionFacts": []
            },
            {
              "itemId": "B-020-----68aaf4a8a82fcc556b4e58a53b79a",
              "itemName": "كرسبش فرايز سعره 788 ",
              "description": "بطاطس مقلية مع قطع دجاج وصلصة مقرمشة خاصة وصلصة جبن",
              "price": 19,
              "originalPrice": 19,
              "isHaveValidDiscount": false,
              "image": "https://resizer.deliverect.com/SlFPrEopS997TWjBHkKINEi8CovYx6PYfCZcqweZFAE/rt:fill/w:600/h:300/g:ce/el:0/cb:20251023-11/aHR0cHM6Ly9mb29kaWNzLWNvbnNvbGUtcHJvZHVjdGlvbi5zMy5ldS13ZXN0LTEuYW1hem9uYXdzLmNvbS9pbWFnZXMvODEwNjIyXzE2NjEzNDgzNzhfOTcxOTQ3ZmYtMWY0Yy00YTYxLTlkYWQtNmUzMzU0NDEwNzgxLmpwZw==",
              "index": 7353956,
              "quickAdd": false,
              "metadataHolder": {
                "calories": 788,
                "caloriesBurnRate": null,
                "allergenIds": [],
                "tagTypesIds": [],
                "nutritionFactsIds": []
              },
              "tags": [],
              "allergens": [],
              "nutritionFacts": []
            },
            {
              "itemId": "sk-0070-----68aaf4a8a82fcc556b4e58a53b79a",
              "itemName": "لولي بوب لهب سعره 600 ",
              "description": "خمس قطع من الدجاج المقرمش الحار مع البطاطس المقلية والخبز",
              "price": 38,
              "originalPrice": 38,
              "isHaveValidDiscount": false,
              "image": "https://resizer.deliverect.com/293hp2QcYg2LmHDcLLa3ApM2p_xtgvu4enxiW1_WBm0/rt:fill/w:600/h:300/g:ce/el:0/cb:20251023-11/aHR0cHM6Ly9mb29kaWNzLWNvbnNvbGUtcHJvZHVjdGlvbi5zMy5ldS13ZXN0LTEuYW1hem9uYXdzLmNvbS9pbWFnZXMvODEwNjIyXzE2ODU4NzIxNzBfOTk1NDQ1MzAtMzYwYS00MDM5LTk2ZmQtMDM5ZDIwMzI3YjBlLmpwZw==",
              "index": 7353948,
              "quickAdd": false,
              "metadataHolder": {
                "calories": 600,
                "caloriesBurnRate": null,
                "allergenIds": [],
                "tagTypesIds": [],
                "nutritionFactsIds": []
              },
              "tags": [],
              "allergens": [],
              "nutritionFacts": []
            },
            {
              "itemId": "B-21-----68aaf4a8a82fcc556b4e58a53b79a",
              "itemName": "بطاطس كرسبش حار سعره 650 ",
              "description": "بطاطس مقلية مع قطع دجاج وصلصة الجبن",
              "price": 21,
              "originalPrice": 21,
              "isHaveValidDiscount": false,
              "image": "https://resizer.deliverect.com/cRSynMGUltj-9vqXsfcjMemP5DW5Yv_5w6mBJw38nts/rt:fill/w:600/h:300/g:ce/el:0/cb:20251023-11/aHR0cHM6Ly9mb29kaWNzLWNvbnNvbGUtcHJvZHVjdGlvbi5zMy5ldS13ZXN0LTEuYW1hem9uYXdzLmNvbS9pbWFnZXMvODEwNjIyXzE2ODYyMTEwNzZfOTk1YzI5MzktMTViMy00YmU2LWFkZmUtYWU3ZWYyNzRmMDM1LmpwZw==",
              "index": 7353963,
              "quickAdd": false,
              "metadataHolder": {
                "calories": 650,
                "caloriesBurnRate": null,
                "allergenIds": [],
                "tagTypesIds": [],
                "nutritionFactsIds": []
              },
              "tags": [],
              "allergens": [],
              "nutritionFacts": []
            },
            {
              "itemId": "B-055-----68aaf4a8a82fcc556b4e58a53b79a",
              "itemName": "ميكسيكان سعره 454 ",
              "description": "يتكون خليطنا المميز من صدور دجاج مكعبات، خس، ملفوف وصلصة الثوم",
              "price": 24,
              "originalPrice": 24,
              "isHaveValidDiscount": false,
              "image": "https://resizer.deliverect.com/tpnKBvtk0GY0VvdtxJoPbeqHfV3dj6mNdl7BGMaapew/rt:fill/w:600/h:300/g:ce/el:0/cb:20251023-11/aHR0cHM6Ly9mb29kaWNzLWNvbnNvbGUtcHJvZHVjdGlvbi5zMy5ldS13ZXN0LTEuYW1hem9uYXdzLmNvbS9pbWFnZXMvODEwNjIyXzE3MDA0ODE1MDZfOWFhODZiOWQtZTAxYS00YWQxLWIxNzgtY2YwNThkNTMwYzJkLmpwZWc=",
              "index": 7353945,
              "quickAdd": false,
              "metadataHolder": {
                "calories": 454,
                "caloriesBurnRate": null,
                "allergenIds": [],
                "tagTypesIds": [],
                "nutritionFactsIds": []
              },
              "tags": [],
              "allergens": [],
              "nutritionFacts": []
            }
          ]
        },
        {
          "categoryId": "68aaf4a8a82fcc556b4e58a8-----3b79a",
          "categoryName": "وجبات",
          "categoryIndex": 4,
          "products": [
            {
              "itemId": "sk-0166-----68aaf4a8a82fcc556b4e58a83b79a",
              "itemName": "كلاسيك برجر وجبات",
              "description": "قطعة من صدور الدجاج المقرمشة مع صلصة مقرمشة خاصة وتشمل البطاطس المقلية والمشروب",
              "price": 36,
              "originalPrice": 36,
              "isHaveValidDiscount": false,
              "image": "https://resizer.deliverect.com/-3-fllU7A22EKwHqWyNyjvx79y3RHd1Dw1jQqaTsy4Q/rt:fill/w:600/h:300/g:ce/el:0/cb:20251023-11/aHR0cHM6Ly9mb29kaWNzLWNvbnNvbGUtcHJvZHVjdGlvbi5zMy5ldS13ZXN0LTEuYW1hem9uYXdzLmNvbS9pbWFnZXMvODEwNjIyXzE3NTYwMTkzNzhfOWZiNTgzMWYtZGMzMC00YjEzLWI0NzUtMTVhNmNlMGZiMGMxLmpwZw==",
              "index": 7353951,
              "quickAdd": false,
              "metadataHolder": {
                "calories": 0,
                "caloriesBurnRate": null,
                "allergenIds": [],
                "tagTypesIds": [],
                "nutritionFactsIds": []
              },
              "tags": [],
              "allergens": [],
              "nutritionFacts": []
            }
          ]
        },
        {
          "categoryId": "68aaf4a8a82fcc556b4e58a6-----3b79a",
          "categoryName": "ستريبس",
          "categoryIndex": 5,
          "products": [
            {
              "itemId": "B-011-----68aaf4a8a82fcc556b4e58a63b79a",
              "itemName": "ستربس سعره 370 ",
              "description": "قطع دجاج مقلية مقرمشة",
              "price": 27,
              "originalPrice": 27,
              "isHaveValidDiscount": false,
              "image": "https://resizer.deliverect.com/sOdcgKP3P4m2edYSXK3f4XR67A1OTAF6GX5oLrBC6Ls/rt:fill/w:600/h:300/g:ce/el:0/cb:20251023-11/aHR0cHM6Ly9mb29kaWNzLWNvbnNvbGUtcHJvZHVjdGlvbi5zMy5ldS13ZXN0LTEuYW1hem9uYXdzLmNvbS9pbWFnZXMvODEwNjIyXzE2NjE3ODM3NjdfOTcyMzZiMWUtNzIxZC00ZWRhLWI5YWItMGJhNDNlZmNlZjQ3LmpwZw==",
              "index": 7353981,
              "quickAdd": false,
              "metadataHolder": {
                "calories": 370,
                "caloriesBurnRate": null,
                "allergenIds": [],
                "tagTypesIds": [],
                "nutritionFactsIds": []
              },
              "tags": [],
              "allergens": [],
              "nutritionFacts": []
            },
            {
              "itemId": "B-012-----68aaf4a8a82fcc556b4e58a63b79a",
              "itemName": "ستريبس ميبل سعره 370 ",
              "description": "قطع دجاج مقلية مقرمشة مع بهارات حارة",
              "price": 29,
              "originalPrice": 29,
              "isHaveValidDiscount": false,
              "image": "https://resizer.deliverect.com/dev6LEq-IPc-VRdvRmg5xBDQjVSZcDEEYDij5n183tk/rt:fill/w:600/h:300/g:ce/el:0/cb:20251023-11/aHR0cHM6Ly9mb29kaWNzLWNvbnNvbGUtcHJvZHVjdGlvbi5zMy5ldS13ZXN0LTEuYW1hem9uYXdzLmNvbS9pbWFnZXMvODEwNjIyXzE2NjE3ODM3MjJfOTcyMzZhZDgtZTRkYi00NmM3LTk2M2MtZDBjOTQ0NzBkN2YyLmpwZw==",
              "index": 7353989,
              "quickAdd": false,
              "metadataHolder": {
                "calories": 370,
                "caloriesBurnRate": null,
                "allergenIds": [],
                "tagTypesIds": [],
                "nutritionFactsIds": []
              },
              "tags": [],
              "allergens": [],
              "nutritionFacts": []
            }
          ]
        },
        {
          "categoryId": "68aaf4a8a82fcc556b4e58a3-----3b79a",
          "categoryName": "سندوتش راب",
          "categoryIndex": 6,
          "products": [
            {
              "itemId": "B-013-----68aaf4a8a82fcc556b4e58a33b79a",
              "itemName": "تشيكن راب سعره 685 ",
              "description": "قطع دجاج مقرمشة مع صلصة مقرمشة خاصة",
              "price": 18,
              "originalPrice": 18,
              "isHaveValidDiscount": false,
              "image": "https://resizer.deliverect.com/rpTKKCYreWrADVMJeMm9eY3JK3YWtO1jFLek2voj2jI/rt:fill/w:600/h:300/g:ce/el:0/cb:20251023-11/aHR0cHM6Ly9mb29kaWNzLWNvbnNvbGUtcHJvZHVjdGlvbi5zMy5ldS13ZXN0LTEuYW1hem9uYXdzLmNvbS9pbWFnZXMvODEwNjIyXzE2NjE3ODQyMjRfOTcyMzZkZDYtOWI3ZC00MDEyLWE3MjEtNWVlY2E4ZGRlNjNmLmpwZw==",
              "index": 7353962,
              "quickAdd": false,
              "metadataHolder": {
                "calories": 685,
                "caloriesBurnRate": null,
                "allergenIds": [],
                "tagTypesIds": [],
                "nutritionFactsIds": []
              },
              "tags": [],
              "allergens": [],
              "nutritionFacts": []
            },
            {
              "itemId": "B-014-----68aaf4a8a82fcc556b4e58a33b79a",
              "itemName": "ميبل تشيكن راب سعره 382 ",
              "description": "قطع دجاج مقرمشة مع صلصة القيقب الحلوة والحارة",
              "price": 19,
              "originalPrice": 19,
              "isHaveValidDiscount": false,
              "image": "https://resizer.deliverect.com/TFfkOA2ObzBB8E2mqSNF0LbB2LsIe6ua9KycHd2tWtY/rt:fill/w:600/h:300/g:ce/el:0/cb:20251023-11/aHR0cHM6Ly9mb29kaWNzLWNvbnNvbGUtcHJvZHVjdGlvbi5zMy5ldS13ZXN0LTEuYW1hem9uYXdzLmNvbS9pbWFnZXMvODEwNjIyXzE2NjE3ODQxNTNfOTcyMzZkNmItNDA0MS00ZDgzLWJkZTYtNjIzOWQxMWM3OWFiLmpwZw==",
              "index": 7353976,
              "quickAdd": false,
              "metadataHolder": {
                "calories": 382,
                "caloriesBurnRate": null,
                "allergenIds": [],
                "tagTypesIds": [],
                "nutritionFactsIds": []
              },
              "tags": [],
              "allergens": [],
              "nutritionFacts": []
            },
            {
              "itemId": "sk-0073-----68aaf4a8a82fcc556b4e58a33b79a",
              "itemName": "كرسبش راب بوكس سعره 3211 ",
              "description": "يحتوي على لفائف مع قطعة من شرائح البطاطس المقلية والصلصة",
              "price": 29,
              "originalPrice": 29,
              "isHaveValidDiscount": false,
              "image": "https://resizer.deliverect.com/8IAxAg5e7g3XVlZjpUS44WFXSkuxXqZK9hUCrDWsBF0/rt:fill/w:600/h:300/g:ce/el:0/cb:20251023-11/aHR0cHM6Ly9mb29kaWNzLWNvbnNvbGUtcHJvZHVjdGlvbi5zMy5ldS13ZXN0LTEuYW1hem9uYXdzLmNvbS9pbWFnZXMvODEwNjIyXzE2ODA2MDg4NjlfOThkOWI5NzctYjY0Ny00ZTRmLTllYTktYzJhZTU0MDAwYjZjLmpwZWc=",
              "index": 7353969,
              "quickAdd": false,
              "metadataHolder": {
                "calories": 3211,
                "caloriesBurnRate": null,
                "allergenIds": [],
                "tagTypesIds": [],
                "nutritionFactsIds": []
              },
              "tags": [],
              "allergens": [],
              "nutritionFacts": []
            }
          ]
        },
        {
          "categoryId": "68aaf4a8a82fcc556b4e58a0-----3b79a",
          "categoryName": "مشروبات",
          "categoryIndex": 7,
          "products": [
            {
              "itemId": "B-000-----68aaf4a8a82fcc556b4e58a03b79a",
              "itemName": "ماء",
              "description": "مياه نقية وطبيعية",
              "price": 1.5,
              "originalPrice": 1.5,
              "isHaveValidDiscount": false,
              "image": "https://resizer.deliverect.com/B5AX9nl3ZJ75uML7ymMDEUd1TYVIw8qmo7iZGVFeNPU/rt:fill/w:600/h:300/g:ce/el:0/cb:20251023-11/aHR0cHM6Ly9mb29kaWNzLWNvbnNvbGUtcHJvZHVjdGlvbi5zMy5ldS13ZXN0LTEuYW1hem9uYXdzLmNvbS9pbWFnZXMvODEwNjIyXzE3MDA5OTQwODZfOWFiNDVhZDQtNjdjZi00MDM3LTg2ZTEtYmYwNmRhNzQyMTA5LmpwZWc=",
              "index": 7353988,
              "quickAdd": false,
              "metadataHolder": {
                "calories": 0,
                "caloriesBurnRate": null,
                "allergenIds": [],
                "tagTypesIds": [],
                "nutritionFactsIds": []
              },
              "tags": [],
              "allergens": [],
              "nutritionFacts": []
            },
            {
              "itemId": "B-021-----68aaf4a8a82fcc556b4e58a03b79a",
              "itemName": "بيبسي وسط سعره 135 ",
              "description": "مشروب غازي منعش",
              "price": 6,
              "originalPrice": 6,
              "isHaveValidDiscount": false,
              "image": "https://resizer.deliverect.com/5KTR2P2XmWyRF5HoSm0pH6guGkPXDNyQNqM0fQWTIPw/rt:fill/w:600/h:300/g:ce/el:0/cb:20251023-11/aHR0cHM6Ly9mb29kaWNzLWNvbnNvbGUtcHJvZHVjdGlvbi5zMy5ldS13ZXN0LTEuYW1hem9uYXdzLmNvbS9pbWFnZXMvODEwNjIyXzE2NjEzNDg5NDRfOTcxOTRiNWUtOThiMC00MGQwLWFmNmEtNzYxY2Y2YzA0Y2Y3LmpwZw==",
              "index": 7353964,
              "quickAdd": false,
              "metadataHolder": {
                "calories": 135,
                "caloriesBurnRate": null,
                "allergenIds": [],
                "tagTypesIds": [],
                "nutritionFactsIds": []
              },
              "tags": [],
              "allergens": [],
              "nutritionFacts": []
            },
            {
              "itemId": "B-022-----68aaf4a8a82fcc556b4e58a03b79a",
              "itemName": "بيبسي لارج سعره 145 ",
              "description": "مشروب غازي منعش",
              "price": 9,
              "originalPrice": 9,
              "isHaveValidDiscount": false,
              "image": "https://resizer.deliverect.com/3NWu02o29aQWOJYP0XhYcGu3XzkiaU2gM-gZcZuu__o/rt:fill/w:600/h:300/g:ce/el:0/cb:20251023-11/aHR0cHM6Ly9mb29kaWNzLWNvbnNvbGUtcHJvZHVjdGlvbi5zMy5ldS13ZXN0LTEuYW1hem9uYXdzLmNvbS9pbWFnZXMvODEwNjIyXzE2NjEzNDkxMDlfOTcxOTRjNWEtZDkwYi00YmJkLWExMzYtYmNjODZiNWIwZjJkLmpwZw==",
              "index": 7354001,
              "quickAdd": false,
              "metadataHolder": {
                "calories": 145,
                "caloriesBurnRate": null,
                "allergenIds": [],
                "tagTypesIds": [],
                "nutritionFactsIds": []
              },
              "tags": [],
              "allergens": [],
              "nutritionFacts": []
            },
            {
              "itemId": "B-023-----68aaf4a8a82fcc556b4e58a03b79a",
              "itemName": "سفن اب وسط سعره 135 ",
              "description": "مشروب غازي منعش",
              "price": 6,
              "originalPrice": 6,
              "isHaveValidDiscount": false,
              "image": "https://resizer.deliverect.com/zkLE_GLsvbKRyM0takbw9dksdns_MoK1JUCe7sF3H-I/rt:fill/w:600/h:300/g:ce/el:0/cb:20251023-11/aHR0cHM6Ly9mb29kaWNzLWNvbnNvbGUtcHJvZHVjdGlvbi5zMy5ldS13ZXN0LTEuYW1hem9uYXdzLmNvbS9pbWFnZXMvODEwNjIyXzE2NjEzNDkxNDRfOTcxOTRjOGYtM2Q4Zi00MmM2LWIyYTktMTE4MWUxOTU5ZDFjLmpwZw==",
              "index": 7353979,
              "quickAdd": false,
              "metadataHolder": {
                "calories": 135,
                "caloriesBurnRate": null,
                "allergenIds": [],
                "tagTypesIds": [],
                "nutritionFactsIds": []
              },
              "tags": [],
              "allergens": [],
              "nutritionFacts": []
            },
            {
              "itemId": "B-024-----68aaf4a8a82fcc556b4e58a03b79a",
              "itemName": "سفن اب لارج سعره 145 ",
              "description": "مشروب غازي منعش",
              "price": 9,
              "originalPrice": 9,
              "isHaveValidDiscount": false,
              "image": "https://resizer.deliverect.com/bMzntjCwP4Ck6mBzqK0f6MeOUkKrl8NDnskWk0CA1js/rt:fill/w:600/h:300/g:ce/el:0/cb:20251023-11/aHR0cHM6Ly9mb29kaWNzLWNvbnNvbGUtcHJvZHVjdGlvbi5zMy5ldS13ZXN0LTEuYW1hem9uYXdzLmNvbS9pbWFnZXMvODEwNjIyXzE2NjEzNDkwNjZfOTcxOTRjMTctZjgzNS00MDk4LWE5MTEtZjgzODBkY2NlOWE3LmpwZw==",
              "index": 7353959,
              "quickAdd": false,
              "metadataHolder": {
                "calories": 145,
                "caloriesBurnRate": null,
                "allergenIds": [],
                "tagTypesIds": [],
                "nutritionFactsIds": []
              },
              "tags": [],
              "allergens": [],
              "nutritionFacts": []
            },
            {
              "itemId": "B-025-----68aaf4a8a82fcc556b4e58a03b79a",
              "itemName": "ديو وسط سعره 135 ",
              "description": "مشروب غازي منعش",
              "price": 6,
              "originalPrice": 6,
              "isHaveValidDiscount": false,
              "image": "https://resizer.deliverect.com/tAuMhJV3MZb9QxP56uy5ZHV9DZNe0fi5BoZ2nV_Uvvw/rt:fill/w:600/h:300/g:ce/el:0/cb:20251023-11/aHR0cHM6Ly9mb29kaWNzLWNvbnNvbGUtcHJvZHVjdGlvbi5zMy5ldS13ZXN0LTEuYW1hem9uYXdzLmNvbS9pbWFnZXMvODEwNjIyXzE2NjEzNDkyNTJfOTcxOTRkMzQtZDJkMy00ZGNkLTk5ZTctNmYzMTViYWQyYWY4LmpwZw==",
              "index": 7353994,
              "quickAdd": false,
              "metadataHolder": {
                "calories": 135,
                "caloriesBurnRate": null,
                "allergenIds": [],
                "tagTypesIds": [],
                "nutritionFactsIds": []
              },
              "tags": [],
              "allergens": [],
              "nutritionFacts": []
            },
            {
              "itemId": "B-026-----68aaf4a8a82fcc556b4e58a03b79a",
              "itemName": "ديو كبير سعره 145 ",
              "description": "مشروب غازي منعش",
              "price": 9,
              "originalPrice": 9,
              "isHaveValidDiscount": false,
              "image": "https://resizer.deliverect.com/Qq6ZXVqo2sJChT_xy6_AlAl0nQCnOpAWzco2cFhbGQ8/rt:fill/w:600/h:300/g:ce/el:0/cb:20251023-11/aHR0cHM6Ly9mb29kaWNzLWNvbnNvbGUtcHJvZHVjdGlvbi5zMy5ldS13ZXN0LTEuYW1hem9uYXdzLmNvbS9pbWFnZXMvODEwNjIyXzE2NjEzNDkxOTBfOTcxOTRjZDYtNjMzMC00NTM5LThmMmEtNDlkNDU1MzkxODEwLmpwZw==",
              "index": 7353967,
              "quickAdd": false,
              "metadataHolder": {
                "calories": 145,
                "caloriesBurnRate": null,
                "allergenIds": [],
                "tagTypesIds": [],
                "nutritionFactsIds": []
              },
              "tags": [],
              "allergens": [],
              "nutritionFacts": []
            },
            {
              "itemId": "B-027-----68aaf4a8a82fcc556b4e58a03b79a",
              "itemName": "ميرندا وسط سعره 135 ",
              "description": "مشروب غازي منعش",
              "price": 6,
              "originalPrice": 6,
              "isHaveValidDiscount": false,
              "image": "https://resizer.deliverect.com/58wL7vmfWJKYHsbk-OLw93UclAOjuyHWgudbl75Yj3A/rt:fill/w:600/h:300/g:ce/el:0/cb:20251023-11/aHR0cHM6Ly9mb29kaWNzLWNvbnNvbGUtcHJvZHVjdGlvbi5zMy5ldS13ZXN0LTEuYW1hem9uYXdzLmNvbS9pbWFnZXMvODEwNjIyXzE2NjMxNDU4MTZfOTc0MzIxOGYtZjEwZS00N2NhLWIzMTYtNDZlMTFiZTM2MTc1LmpwZw==",
              "index": 7353978,
              "quickAdd": false,
              "metadataHolder": {
                "calories": 135,
                "caloriesBurnRate": null,
                "allergenIds": [],
                "tagTypesIds": [],
                "nutritionFactsIds": []
              },
              "tags": [],
              "allergens": [],
              "nutritionFacts": []
            },
            {
              "itemId": "B-028-----68aaf4a8a82fcc556b4e58a03b79a",
              "itemName": "ميريندا كبير سعره 145 ",
              "description": "مشروب غازي منعش",
              "price": 9,
              "originalPrice": 9,
              "isHaveValidDiscount": false,
              "image": "https://resizer.deliverect.com/T-Cev8ezfh-cSn2-2W6_3HvaJsUqWBL6RHozkNzA4Hg/rt:fill/w:600/h:300/g:ce/el:0/cb:20251023-11/aHR0cHM6Ly9mb29kaWNzLWNvbnNvbGUtcHJvZHVjdGlvbi5zMy5ldS13ZXN0LTEuYW1hem9uYXdzLmNvbS9pbWFnZXMvODEwNjIyXzE2NjEzNDg1OTRfOTcxOTQ5NDgtOTEzNC00MTExLTlhODctNDM4YjE2MDMwNTEwLmpwZw==",
              "index": 7353986,
              "quickAdd": false,
              "metadataHolder": {
                "calories": 145,
                "caloriesBurnRate": null,
                "allergenIds": [],
                "tagTypesIds": [],
                "nutritionFactsIds": []
              },
              "tags": [],
              "allergens": [],
              "nutritionFacts": []
            },
            {
              "itemId": "B-038-----68aaf4a8a82fcc556b4e58a03b79a",
              "itemName": "بيبسي دايت ",
              "description": "مشروب غازي منعش",
              "price": 6,
              "originalPrice": 6,
              "isHaveValidDiscount": false,
              "image": "https://resizer.deliverect.com/F64dJ6mCZ3hhEUrBRlvd0A-ijcpGnGc7Syhmog4iCl4/rt:fill/w:600/h:300/g:ce/el:0/cb:20251023-11/aHR0cHM6Ly9mb29kaWNzLWNvbnNvbGUtcHJvZHVjdGlvbi5zMy5ldS13ZXN0LTEuYW1hem9uYXdzLmNvbS9pbWFnZXMvODEwNjIyXzE3NTYwMjAwOTlfOWZiNTg3NmMtNDgzMy00MmI2LWFiYzAtNjA2NzY3NjI1MWJiLnBuZw==",
              "index": 7353982,
              "quickAdd": false,
              "metadataHolder": {
                "calories": 0,
                "caloriesBurnRate": null,
                "allergenIds": [],
                "tagTypesIds": [],
                "nutritionFactsIds": []
              },
              "tags": [],
              "allergens": [],
              "nutritionFacts": []
            },
            {
              "itemId": "B-039-----68aaf4a8a82fcc556b4e58a03b79a",
              "itemName": "بيبسي دايت (كبير)",
              "description": "مشروب غازي منعش",
              "price": 9,
              "originalPrice": 9,
              "isHaveValidDiscount": false,
              "image": "https://resizer.deliverect.com/Ut_3Ot9KHOh_ydzA_w1EeO4fxVUT5ybveHgZi1Xg9rE/rt:fill/w:600/h:300/g:ce/el:0/cb:20251023-11/aHR0cHM6Ly9mb29kaWNzLWNvbnNvbGUtcHJvZHVjdGlvbi5zMy5ldS13ZXN0LTEuYW1hem9uYXdzLmNvbS9pbWFnZXMvODEwNjIyXzE3NTYwMjAwODZfOWZiNTg3NTktNmY0Yy00Y2FjLTkwMmEtYzY5N2Q4OWViODE3LnBuZw==",
              "index": 7353999,
              "quickAdd": false,
              "metadataHolder": {
                "calories": 0,
                "caloriesBurnRate": null,
                "allergenIds": [],
                "tagTypesIds": [],
                "nutritionFactsIds": []
              },
              "tags": [],
              "allergens": [],
              "nutritionFacts": []
            }
          ]
        },
        {
          "categoryId": "68aaf4a8a82fcc556b4e58a2-----3b79a",
          "categoryName": "صلصات",
          "categoryIndex": 8,
          "products": [
            {
              "itemId": "B-005-----68aaf4a8a82fcc556b4e58a23b79a",
              "itemName": "كرسبش سجنتشر سعره 142 ",
              "description": "نكهة كرسبش السرية المميزة و الأكثر مبيعاً",
              "price": 3,
              "originalPrice": 3,
              "isHaveValidDiscount": false,
              "image": "https://resizer.deliverect.com/7rRSzfAyGN57vJtU2dU2H5Rh8SrPGZO5vKLmyNfDbcQ/rt:fill/w:600/h:300/g:ce/el:0/cb:20251023-11/aHR0cHM6Ly9mb29kaWNzLWNvbnNvbGUtcHJvZHVjdGlvbi5zMy5ldS13ZXN0LTEuYW1hem9uYXdzLmNvbS9pbWFnZXMvODEwNjIyXzE2Njg1OTA4MzlfOTdjMWU4NmQtYjZhOC00MWZiLTk1YmMtODhjOTgwZWNiYWM4LmpwZw==",
              "index": 7353972,
              "quickAdd": false,
              "metadataHolder": {
                "calories": 142,
                "caloriesBurnRate": null,
                "allergenIds": [],
                "tagTypesIds": [],
                "nutritionFactsIds": []
              },
              "tags": [],
              "allergens": [],
              "nutritionFacts": []
            },
            {
              "itemId": "B-006-----68aaf4a8a82fcc556b4e58a23b79a",
              "itemName": "ميبل",
              "description": "صوص يتميز بنكهة الميبل سيراتشا الكورية اللاذعة مع التتبيلة المميزة من كرسبش",
              "price": 3,
              "originalPrice": 3,
              "isHaveValidDiscount": false,
              "image": "https://resizer.deliverect.com/idpOQwzkTr7ME2py4p3I78kNO8FuuqKb9ixlvhOgieg/rt:fill/w:600/h:300/g:ce/el:0/cb:20251023-11/aHR0cHM6Ly9mb29kaWNzLWNvbnNvbGUtcHJvZHVjdGlvbi5zMy5ldS13ZXN0LTEuYW1hem9uYXdzLmNvbS9pbWFnZXMvODEwNjIyXzE2Njg1OTA4MDRfOTdjMWU4MzctZjI4Yi00OTNkLTk0OTUtNzE1ZGVjNDdjOTM2LmpwZw==",
              "index": 7353993,
              "quickAdd": false,
              "metadataHolder": {
                "calories": 0,
                "caloriesBurnRate": null,
                "allergenIds": [],
                "tagTypesIds": [],
                "nutritionFactsIds": []
              },
              "tags": [],
              "allergens": [],
              "nutritionFacts": []
            },
            {
              "itemId": "B-007-----68aaf4a8a82fcc556b4e58a23b79a",
              "itemName": "كيو مدخن سعره 183 ",
              "description": "صوص بنكهة الباربكيو المدخن والكريمة بمذاق متجدد ومميز",
              "price": 3,
              "originalPrice": 3,
              "isHaveValidDiscount": false,
              "image": "https://resizer.deliverect.com/GrxbkSJIoMkEGHrMXJGEK11uHhTjrGTOF-ni2XZ5-z8/rt:fill/w:600/h:300/g:ce/el:0/cb:20251023-11/aHR0cHM6Ly9mb29kaWNzLWNvbnNvbGUtcHJvZHVjdGlvbi5zMy5ldS13ZXN0LTEuYW1hem9uYXdzLmNvbS9pbWFnZXMvODEwNjIyXzE2Njg1OTA3ODBfOTdjMWU4MTMtYmQ3NC00MjRlLWI1NDAtMWZmZTY2ZGJkMjk4LmpwZw==",
              "index": 7353980,
              "quickAdd": false,
              "metadataHolder": {
                "calories": 183,
                "caloriesBurnRate": null,
                "allergenIds": [],
                "tagTypesIds": [],
                "nutritionFactsIds": []
              },
              "tags": [],
              "allergens": [],
              "nutritionFacts": []
            },
            {
              "itemId": "B-009-----68aaf4a8a82fcc556b4e58a23b79a",
              "itemName": "ليمون رانش سعره 158 ",
              "description": "صوص الرانش بنكهة الليمون والفلفل الاسود ينقلك لتجربة مميزة في عالم الصوصات",
              "price": 3,
              "originalPrice": 3,
              "isHaveValidDiscount": false,
              "image": "https://resizer.deliverect.com/td6C39yKg9m8Sqbs8WGWxoTkFnnG6UBh3q59VuqOeN8/rt:fill/w:600/h:300/g:ce/el:0/cb:20251023-11/aHR0cHM6Ly9mb29kaWNzLWNvbnNvbGUtcHJvZHVjdGlvbi5zMy5ldS13ZXN0LTEuYW1hem9uYXdzLmNvbS9pbWFnZXMvODEwNjIyXzE2Njg1OTA3MzNfOTdjMWU3Y2EtZmE1Yy00MDg4LTgwMDEtN2RmMGUwNzBlMzZjLmpwZw==",
              "index": 7353974,
              "quickAdd": false,
              "metadataHolder": {
                "calories": 158,
                "caloriesBurnRate": null,
                "allergenIds": [],
                "tagTypesIds": [],
                "nutritionFactsIds": []
              },
              "tags": [],
              "allergens": [],
              "nutritionFacts": []
            },
            {
              "itemId": "B-010-----68aaf4a8a82fcc556b4e58a23b79a",
              "itemName": "ثومية ايولي سعره 143 ",
              "description": "صوص بتركيبة ثومية كريمية خفيفة تضيف نكهة مميزة",
              "price": 3,
              "originalPrice": 3,
              "isHaveValidDiscount": false,
              "image": "https://resizer.deliverect.com/EMdhKAsOC9_Habhqs4732ZseSiX8T_XKM02sBNbR07c/rt:fill/w:600/h:300/g:ce/el:0/cb:20251023-11/aHR0cHM6Ly9mb29kaWNzLWNvbnNvbGUtcHJvZHVjdGlvbi5zMy5ldS13ZXN0LTEuYW1hem9uYXdzLmNvbS9pbWFnZXMvODEwNjIyXzE2NjEzNDg3ODBfOTcxOTRhNjQtNjFhYS00ODYwLThiZGMtMGY5NDE0ZThkOGY1LmpwZw==",
              "index": 7353997,
              "quickAdd": false,
              "metadataHolder": {
                "calories": 143,
                "caloriesBurnRate": null,
                "allergenIds": [],
                "tagTypesIds": [],
                "nutritionFactsIds": []
              },
              "tags": [],
              "allergens": [],
              "nutritionFacts": []
            }
          ]
        }
      ]
    },
    "statusCode": 200,
    "message": null
  }
}