{
  "source": "Jahez",
  "endpoint": "get_menu",
  "method": "GET",
  "timestamp": "2025-10-24T12:44:22.383Z",
  "status_code": 200,
  "request": {
    "params": {
      "restaurantId": 44985,
      "branchId": 410300
    },
    "url": "https://jahez-portal-gateway.jahez.net/partner/api/v1/customer-mobile/customerMenu",
    "restaurantId": 44985,
    "branchId": 410300
  },
  "response": {
    "content": {
      "branchInfo": {
        "currency": "SAR",
        "branchStatus": "OPEN"
      },
      "categoryList": [
        {
          "categoryId": "310547",
          "categoryName": "عروض لفترة محدودة​",
          "categoryIndex": 1,
          "products": [
            {
              "itemId": "13dc10e2-fb52-4bd7-92eb-84a6b0b635e4",
              "itemName": "وجبة ونديز لشخص واحد - دبل ستاك لحم سعره 400 ",
              "description": "برجر بلحم البقر الصافي 100% بطبقتين، مع بطاطس مقلية حجم عادي وخيار من المشروبات الغازية الحجم العادي.\n",
              "price": 19,
              "originalPrice": 34,
              "isHaveValidDiscount": true,
              "image": "https://d2sdbeqrqgwwdu.cloudfront.net/a13c57d5-6e01-4d89-9d98-4129beb857af/f5559001-e532-472c-a316-a2a3fd1ea7ca-LxL.webp",
              "index": 10074252,
              "quickAdd": false,
              "metadataHolder": {
                "calories": 400,
                "caloriesBurnRate": null,
                "allergenIds": [],
                "tagTypesIds": [],
                "nutritionFactsIds": []
              },
              "tags": [],
              "allergens": [],
              "nutritionFacts": []
            },
            {
              "itemId": "bf903936-0b5f-4d85-97ee-f81f8e191787",
              "itemName": "وجبة ونديز لشخص واحد - مشروم ميلت سعره 650 ",
              "description": "قطعتين من لحم الأنجوس البقري، وتعلوه صلصة مشروم محضرة من المشروم الطازج، مع شريحة جبن وقطع من اللحم المقدد مقدمة في خبز ساخن محمص. تقدم مع بطاطس ومشروب\n",
              "price": 25,
              "originalPrice": 40,
              "isHaveValidDiscount": true,
              "image": "https://d2sdbeqrqgwwdu.cloudfront.net/a13c57d5-6e01-4d89-9d98-4129beb857af/415839ec-1769-4ace-bc4f-6c9e20b4c8c5-LxL.webp",
              "index": 10074785,
              "quickAdd": false,
              "metadataHolder": {
                "calories": 650,
                "caloriesBurnRate": null,
                "allergenIds": [],
                "tagTypesIds": [],
                "nutritionFactsIds": []
              },
              "tags": [],
              "allergens": [],
              "nutritionFacts": []
            },
            {
              "itemId": "391ec0ac-ace5-4555-9a77-c232d10f6ba8",
              "itemName": "وجبة ونديز لشخص واحد - دجاج حار سعره 700 ",
              "description": "صدر دجاج فيليه من ونديز. بهارات خاصة حارة، طماطم، خس ومايونيز على الخبز المحمص مع بطاطس حجم عادي\n",
              "price": 19,
              "originalPrice": 32,
              "isHaveValidDiscount": true,
              "image": "https://d2sdbeqrqgwwdu.cloudfront.net/a13c57d5-6e01-4d89-9d98-4129beb857af/72ce6804-8cc2-4029-af29-ae2133c5378c-LxL.webp",
              "index": 10075868,
              "quickAdd": false,
              "metadataHolder": {
                "calories": 700,
                "caloriesBurnRate": null,
                "allergenIds": [],
                "tagTypesIds": [],
                "nutritionFactsIds": []
              },
              "tags": [],
              "allergens": [],
              "nutritionFacts": []
            },
            {
              "itemId": "7f5b9512-abbf-4f21-b950-d4c74ab4e615",
              "itemName": "وجبة ونديز لشخص واحد - ونديز دبل سعره 1100 ",
              "description": "قطعتين من لحم الباتي الاسترالي الحلال مغطى بشريحتين جبن ومخلل، بصل، طماطم، خس, مايونيز وكاتشب على الخبز المحمص مع بطاطس حجم عادي\n",
              "price": 27,
              "originalPrice": 44,
              "isHaveValidDiscount": true,
              "image": "https://d2sdbeqrqgwwdu.cloudfront.net/a13c57d5-6e01-4d89-9d98-4129beb857af/e065faf2-02a1-40bc-876e-4f6de6b2df53-LxL.webp",
              "index": 10076198,
              "quickAdd": false,
              "metadataHolder": {
                "calories": 1100,
                "caloriesBurnRate": null,
                "allergenIds": [],
                "tagTypesIds": [],
                "nutritionFactsIds": []
              },
              "tags": [],
              "allergens": [],
              "nutritionFacts": []
            }
          ]
        },
        {
          "categoryId": "295900",
          "categoryName": "الوجبات القيمة​",
          "categoryIndex": 3,
          "products": [
            {
              "itemId": "2752316",
              "itemName": "وجبة الدجاج المشوي سعره 1328 ",
              "description": "صدر دجاج فيليه مشوي، مع الخس و الطماطم الطازج، تقدم في الخبز المحمص. مع بطاطس ومشروب.",
              "price": 39,
              "originalPrice": 39,
              "isHaveValidDiscount": false,
              "image": "https://d2sdbeqrqgwwdu.cloudfront.net/a13c57d5-6e01-4d89-9d98-4129beb857af/c93df621-646d-4687-8c16-d60f4c4d1532-LxL.webp",
              "index": 1,
              "quickAdd": false,
              "metadataHolder": {
                "calories": 1328,
                "caloriesBurnRate": null,
                "allergenIds": [],
                "tagTypesIds": [],
                "nutritionFactsIds": []
              },
              "tags": [],
              "allergens": [],
              "nutritionFacts": []
            },
            {
              "itemId": "2752315",
              "itemName": "Spicy Chicken Combo - وجبة كومبو دجاج حار سعره 1438 ",
              "description": "100% whole muscle breaded Chicken Fillet with spices topped with mayo, lettuce and tomatoes on a special toasted glazed bun. Serve with fries and drink. - صدر دجاج فيليه من ونديز. بهارات خاصة حارة، طماطم، خس ومايونيز على الخبز المحمص. يقدم مع بطاطس ومشروب.",
              "price": 34,
              "originalPrice": 34,
              "isHaveValidDiscount": false,
              "image": "https://d2sdbeqrqgwwdu.cloudfront.net/a13c57d5-6e01-4d89-9d98-4129beb857af/acf9570c-ed51-4b8c-bf2f-8e3549a51bf5-LxL.webp",
              "index": 2,
              "quickAdd": false,
              "metadataHolder": {
                "calories": 1438,
                "caloriesBurnRate": null,
                "allergenIds": [],
                "tagTypesIds": [],
                "nutritionFactsIds": []
              },
              "tags": [],
              "allergens": [],
              "nutritionFacts": []
            },
            {
              "itemId": "2752317",
              "itemName": "Chicken Tenders Combo - وجبة قطع دجاج التندرز سعره 1577 ",
              "description": "3 pieces of crispy tender juicy white chicken breast fillet with a side of sauce, serbved with  fries and soft drink.  - ثلاث قطع من دجاج التندرز المقرمش, مع اختيارك من الصوص. يقدم مع بطاطس ومشروب",
              "price": 31,
              "originalPrice": 31,
              "isHaveValidDiscount": false,
              "image": "https://d2sdbeqrqgwwdu.cloudfront.net/a13c57d5-6e01-4d89-9d98-4129beb857af/06145b0e-d29c-4804-9d29-87b7d4e26534-LxL.webp",
              "index": 3,
              "quickAdd": false,
              "metadataHolder": {
                "calories": 1577,
                "caloriesBurnRate": null,
                "allergenIds": [],
                "tagTypesIds": [],
                "nutritionFactsIds": []
              },
              "tags": [],
              "allergens": [],
              "nutritionFacts": []
            },
            {
              "itemId": "2752318",
              "itemName": "Nuggets Combo - وجبة ناجتس  سعره 1168 ",
              "description": "6 pieces of all lightly breaded Chicken Nuggets with BBQ sauce dip, served with French fries and your choice of drink. - 6 قطع من دجاج ناجتس، تقدم مع صوص الباربكيو, بطاطس ومشروب.",
              "price": 22,
              "originalPrice": 22,
              "isHaveValidDiscount": false,
              "image": "https://d2sdbeqrqgwwdu.cloudfront.net/a13c57d5-6e01-4d89-9d98-4129beb857af/5da4dd11-551a-4c30-8715-bb6181e1ebe5-LxL.webp",
              "index": 4,
              "quickAdd": false,
              "metadataHolder": {
                "calories": 1168,
                "caloriesBurnRate": null,
                "allergenIds": [],
                "tagTypesIds": [],
                "nutritionFactsIds": []
              },
              "tags": [],
              "allergens": [],
              "nutritionFacts": []
            },
            {
              "itemId": "2752421",
              "itemName": "Wendy's Single Burger Combo - وجبة ونديز سنجل برجر سعره 1498 ",
              "description": "100% Beef Patty topped with two slices of American cheese, Mayo, Ketchup, Pickles, Onions, Tomatoes and Lettuce on a special toasted glazed bun. Served with fries and drink. - لحم باتي حلال, مغطى بشريحتين جبن ومخلل، بصل، طماطم، خس، مايونيز، على الخبز المحمص. يقدم مع بطاطس ومشروب",
              "price": 33,
              "originalPrice": 33,
              "isHaveValidDiscount": false,
              "image": "https://d2sdbeqrqgwwdu.cloudfront.net/a13c57d5-6e01-4d89-9d98-4129beb857af/06dc1642-aaaa-4bc3-8bff-bbe1925ce09c-LxL.webp",
              "index": 5,
              "quickAdd": false,
              "metadataHolder": {
                "calories": 1498,
                "caloriesBurnRate": null,
                "allergenIds": [],
                "tagTypesIds": [],
                "nutritionFactsIds": []
              },
              "tags": [],
              "allergens": [],
              "nutritionFacts": []
            },
            {
              "itemId": "2752416",
              "itemName": "Mushroom Melt Deluxe Burger Combo  - وجبة مشروم ميلت ديلوكس سعره 1418 ",
              "description": "Two 100% Beef Patties, with cheesy mushroom sauce, sliced cheese and strips of beef bacon on a special toasted glazed bun. Served with fries and drink. - قطعتين من لحم الأنجوس البقري، وتعلوه صلصة مشروم محضرة من المشروم الطازج، مع شريحة جبن وقطع من اللحم المقدد مقدمة في خبز ساخن محمص. تقدم مع بطاطس و",
              "price": 35,
              "originalPrice": 35,
              "isHaveValidDiscount": false,
              "image": "https://d2sdbeqrqgwwdu.cloudfront.net/a13c57d5-6e01-4d89-9d98-4129beb857af/a11ed8fb-7c99-4efa-9cc4-10ec3ea6645a-LxL.webp",
              "index": 6,
              "quickAdd": false,
              "metadataHolder": {
                "calories": 1418,
                "caloriesBurnRate": null,
                "allergenIds": [],
                "tagTypesIds": [],
                "nutritionFactsIds": []
              },
              "tags": [],
              "allergens": [],
              "nutritionFacts": []
            },
            {
              "itemId": "2752423",
              "itemName": "Wendy's Double Burger Combo - وجبة ونديز دبل برجر سعره 1739 ",
              "description": "Two 100% Beef Patties with two slices of American cheese, Mayo, Ketchup, Pickles, Onions, Tomatoes and Lettuce on a speical toasted glazed bun. Served with fries and drink. - قطعتين من لحم الباتي الحلال مغطى بشريحتين جبن ومخلل، بصل، طماطم، خس, مايونيز وكاتشب على الخبز المحمص. يقدم مع بطاطس ومشروب.",
              "price": 40,
              "originalPrice": 40,
              "isHaveValidDiscount": false,
              "image": "https://d2sdbeqrqgwwdu.cloudfront.net/a13c57d5-6e01-4d89-9d98-4129beb857af/f45f9190-528e-419b-9c40-f91049617cc9-LxL.webp",
              "index": 7,
              "quickAdd": false,
              "metadataHolder": {
                "calories": 1739,
                "caloriesBurnRate": null,
                "allergenIds": [],
                "tagTypesIds": [],
                "nutritionFactsIds": []
              },
              "tags": [],
              "allergens": [],
              "nutritionFacts": []
            },
            {
              "itemId": "2752425",
              "itemName": "Beefanator Burger Combo  - وجبة كومبو بيفانيتور سعره 1728 ",
              "description": "Two 100% Beef Patties with two slices of American cheese, six strips of premium Beef Bacon, Mayo, Ketchup on a special toasted glazed bun. Serve with fries and drink. - قطعتين من لحم الباتي الحلال مغطى بشريحتين جبن, مع 6 قطع من اللحم المقدد, مخلل، بصل، طماطم، خس, مايونيز وكاتشب على الخبز المحمص. يقد",
              "price": 46,
              "originalPrice": 46,
              "isHaveValidDiscount": false,
              "image": "https://d2sdbeqrqgwwdu.cloudfront.net/a13c57d5-6e01-4d89-9d98-4129beb857af/56bbc534-bc35-4c46-ae84-360f8cd3f191-LxL.webp",
              "index": 8,
              "quickAdd": false,
              "metadataHolder": {
                "calories": 1728,
                "caloriesBurnRate": null,
                "allergenIds": [],
                "tagTypesIds": [],
                "nutritionFactsIds": []
              },
              "tags": [],
              "allergens": [],
              "nutritionFacts": []
            },
            {
              "itemId": "2752424",
              "itemName": "Wendy's Triple Burger Combo - وجبة ونديز تربل برجر سعره 2028 ",
              "description": "Three 100% Beef Patties with three slices of American cheese, Mayo, Ketchup, Pickles, Onions, Tomatoes and Lettuce on a special toasted glazed bun. Served with fries and drink - ثلاث قطع من لحم الباتي الحلال مغطى بثلاث شرائح جبن ومخلل، بصل، طماطم، خس, مايونيز وكاتشب على الخبز المحمص. يقدم مع بطاطس و",
              "price": 50,
              "originalPrice": 50,
              "isHaveValidDiscount": false,
              "image": "https://d2sdbeqrqgwwdu.cloudfront.net/a13c57d5-6e01-4d89-9d98-4129beb857af/12f8d076-bec1-402f-9355-c18f86cbd1da-LxL.webp",
              "index": 9,
              "quickAdd": false,
              "metadataHolder": {
                "calories": 2028,
                "caloriesBurnRate": null,
                "allergenIds": [],
                "tagTypesIds": [],
                "nutritionFactsIds": []
              },
              "tags": [],
              "allergens": [],
              "nutritionFacts": []
            },
            {
              "itemId": "2752314",
              "itemName": "Classic Chicken Combo  - وجبة دجاج كلاسيك سعره 1438 ",
              "description": "Seasoned, Lightly Breaded 100% whole muscle Chicken Fillet with Mayo, Tomatoes and lettuce on a special toasted glazed bun. Served with fries and drink. - صدر دجاج فيليه من ونديز، طماطم، خس ومايونيز على الخبز المحمص. يقدم مع بطاطس ومشروب.",
              "price": 34,
              "originalPrice": 34,
              "isHaveValidDiscount": false,
              "image": "https://d2sdbeqrqgwwdu.cloudfront.net/a13c57d5-6e01-4d89-9d98-4129beb857af/00f89371-73e2-4900-9da9-ab4c4fd5201c-MxM.webp",
              "index": 10,
              "quickAdd": false,
              "metadataHolder": {
                "calories": 1438,
                "caloriesBurnRate": null,
                "allergenIds": [],
                "tagTypesIds": [],
                "nutritionFactsIds": []
              },
              "tags": [],
              "allergens": [],
              "nutritionFacts": []
            }
          ]
        },
        {
          "categoryId": "295916",
          "categoryName": "الساندوتشات القيمة​",
          "categoryIndex": 4,
          "products": [
            {
              "itemId": "50c540c6-06dd-4328-8c4f-5ae3a870f3b3",
              "itemName": "ساندوتش دجاج مشوي سعره 410 ",
              "description": "صدر دجاج فيليه مشوي، مع الخس و الطماطم الطازج، تقدم في الخبز المحمص",
              "price": 26,
              "originalPrice": 26,
              "isHaveValidDiscount": false,
              "image": "https://d2sdbeqrqgwwdu.cloudfront.net/a13c57d5-6e01-4d89-9d98-4129beb857af/b5b8d5a8-7f29-4912-8fa2-6bf77e75cf48-LxL.webp",
              "index": 1,
              "quickAdd": false,
              "metadataHolder": {
                "calories": 410,
                "caloriesBurnRate": null,
                "allergenIds": [],
                "tagTypesIds": [],
                "nutritionFactsIds": []
              },
              "tags": [],
              "allergens": [],
              "nutritionFacts": []
            },
            {
              "itemId": "2752261",
              "itemName": "Classic Chicken Sandwich - ساندوتش دجاج فيليه سعره 520 ",
              "description": "Seasoned, Lightly Breaded 100% whole muscle Chicken Fillet with Mayo, Tomatoes and lettuce on a special toasted glazed bun. - صدر دجاج فيليه من ونديز، طماطم، خس ومايونيز على الخبز المحمص.",
              "price": 26,
              "originalPrice": 26,
              "isHaveValidDiscount": false,
              "image": "https://d2sdbeqrqgwwdu.cloudfront.net/a13c57d5-6e01-4d89-9d98-4129beb857af/f0f41b02-7dd7-461d-879c-ae22a29cbfc6-LxL.webp",
              "index": 2,
              "quickAdd": false,
              "metadataHolder": {
                "calories": 520,
                "caloriesBurnRate": null,
                "allergenIds": [],
                "tagTypesIds": [],
                "nutritionFactsIds": []
              },
              "tags": [],
              "allergens": [],
              "nutritionFacts": []
            },
            {
              "itemId": "2752262",
              "itemName": "Spicy Chicken Sandwich - ساندوتش دجاج حار سعره 520 ",
              "description": "Specially seasoned, lightly breaded and topped with mayonnaise, tomato and crisp lettuce. - صدر دجاج فيليه من ونديز. بهارات خاصة حارة، طماطم، خس ومايونيز على الخبز المحمص.",
              "price": 26,
              "originalPrice": 26,
              "isHaveValidDiscount": false,
              "image": "https://d2sdbeqrqgwwdu.cloudfront.net/a13c57d5-6e01-4d89-9d98-4129beb857af/abb802e8-ce81-44f1-8613-600e6d1ab547-LxL.webp",
              "index": 3,
              "quickAdd": false,
              "metadataHolder": {
                "calories": 520,
                "caloriesBurnRate": null,
                "allergenIds": [],
                "tagTypesIds": [],
                "nutritionFactsIds": []
              },
              "tags": [],
              "allergens": [],
              "nutritionFacts": []
            },
            {
              "itemId": "2752303",
              "itemName": "Wendy's Single Burger  - ساندوتش ونديز سنجل سعره 580 ",
              "description": "Two 100% Beef Patties with two slices of American cheese, Mayo, Ketchup, Pickles, Onions, Tomatoes and Lettuce on a speical toasted glazed bun. - لحم باتي حلال, مغطى بشريحتين جبن ومخلل، بصل، طماطم، خس، مايونيز، على الخبز المحمص.",
              "price": 26,
              "originalPrice": 26,
              "isHaveValidDiscount": false,
              "image": "https://d2sdbeqrqgwwdu.cloudfront.net/a13c57d5-6e01-4d89-9d98-4129beb857af/811042e6-fcdf-48de-988a-491fa4c8bbd6-MxM.webp",
              "index": 4,
              "quickAdd": false,
              "metadataHolder": {
                "calories": 580,
                "caloriesBurnRate": null,
                "allergenIds": [],
                "tagTypesIds": [],
                "nutritionFactsIds": []
              },
              "tags": [],
              "allergens": [],
              "nutritionFacts": []
            },
            {
              "itemId": "2752302",
              "itemName": "Mushroom Melt Deluxe Burger - ساندوتش مشروم ميلت ديلوكس سعره 500 ",
              "description": "Two 100% Beef Patties, with cheesy mushroom sauce, sliced cheese and strips of beef bacon on a special toasted glazed bun.  - قطعتين من لحم الأنجوس البقري، وتعلوه صلصة مشروم محضرة من المشروم الطازج، مع شريحة جبن وقطع من اللحم المقدد مقدمة في خبز ساخن محمص.",
              "price": 28,
              "originalPrice": 28,
              "isHaveValidDiscount": false,
              "image": "https://d2sdbeqrqgwwdu.cloudfront.net/a13c57d5-6e01-4d89-9d98-4129beb857af/f1685143-4056-413f-a7d5-7f9b66de01bd-LxL.webp",
              "index": 5,
              "quickAdd": false,
              "metadataHolder": {
                "calories": 500,
                "caloriesBurnRate": null,
                "allergenIds": [],
                "tagTypesIds": [],
                "nutritionFactsIds": []
              },
              "tags": [],
              "allergens": [],
              "nutritionFacts": []
            },
            {
              "itemId": "2752304",
              "itemName": "Wendy's Double Burger  - ساندوتش ونديز دبل سعره 821 ",
              "description": "2 100% beef patties with mayo, ketchup, pickles, onion, tomato, lettuce and cheese on a toasted glazed bun. - قطعتين من لحم الباتي الحلال مغطى بشريحتين جبن ومخلل، بصل، طماطم، خس, مايونيز وكاتشب على الخبز المحمص.",
              "price": 35,
              "originalPrice": 35,
              "isHaveValidDiscount": false,
              "image": "https://d2sdbeqrqgwwdu.cloudfront.net/a13c57d5-6e01-4d89-9d98-4129beb857af/19f39981-9fcb-474d-80b6-e5e9cea4b572-LxL.webp",
              "index": 6,
              "quickAdd": false,
              "metadataHolder": {
                "calories": 821,
                "caloriesBurnRate": null,
                "allergenIds": [],
                "tagTypesIds": [],
                "nutritionFactsIds": []
              },
              "tags": [],
              "allergens": [],
              "nutritionFacts": []
            },
            {
              "itemId": "2752306",
              "itemName": "Beefanator Burger  - ساندوتش بيفانيتور سعره 960 ",
              "description": "Two 100% Beef Patties with two slices of American cheese, six strips of premium Beef Bacon, Mayo, Ketchup on a special toasted glazed bun. - قطعتين من لحم الباتي الحلال مغطى بشريحتين جبن, مع 6 قطع من اللحم المقدد, مخلل، بصل، طماطم، خس, مايونيز وكاتشب على الخبز المحمص.",
              "price": 41,
              "originalPrice": 41,
              "isHaveValidDiscount": false,
              "image": "https://d2sdbeqrqgwwdu.cloudfront.net/a13c57d5-6e01-4d89-9d98-4129beb857af/874bd045-f280-40a3-acd4-ec531d1c4c1c-LxL.webp",
              "index": 7,
              "quickAdd": false,
              "metadataHolder": {
                "calories": 960,
                "caloriesBurnRate": null,
                "allergenIds": [],
                "tagTypesIds": [],
                "nutritionFactsIds": []
              },
              "tags": [],
              "allergens": [],
              "nutritionFacts": []
            },
            {
              "itemId": "2752305",
              "itemName": "Wendy's Triple Burger  - ساندوتش ونديز تربل سعره 1100 ",
              "description": "Three 100% Beef Patties with three slices of American cheese, Mayo, Ketchup, Pickles, Onions, Tomatoes and Lettuce on a special toasted glazed bun. - ثلاث قطع من لحم الباتي الحلال مغطى بثلاث شرائح جبن ومخلل، بصل، طماطم، خس, مايونيز وكاتشب على الخبز المحمص.",
              "price": 42,
              "originalPrice": 42,
              "isHaveValidDiscount": false,
              "image": "https://d2sdbeqrqgwwdu.cloudfront.net/a13c57d5-6e01-4d89-9d98-4129beb857af/54a90d6a-7f03-4bd5-850f-dc09f4089ad3-LxL.webp",
              "index": 8,
              "quickAdd": false,
              "metadataHolder": {
                "calories": 1100,
                "caloriesBurnRate": null,
                "allergenIds": [],
                "tagTypesIds": [],
                "nutritionFactsIds": []
              },
              "tags": [],
              "allergens": [],
              "nutritionFacts": []
            }
          ]
        },
        {
          "categoryId": "295926",
          "categoryName": "بوكس الزيادة​",
          "categoryIndex": 5,
          "products": [
            {
              "itemId": "3060295",
              "itemName": "Biggie Box- Cheeseburger - بيجي بوكس - تشيز برجر ",
              "description": "Crispy Chicken and 4ps Nuggets with Reg Fries & Reg Drink\nتشيز برجر مع 4 قطع ناجتس مع بطاطس مقلية حجم عادي ومشروب حجم عادي\n",
              "price": 22,
              "originalPrice": 22,
              "isHaveValidDiscount": false,
              "image": "https://d2sdbeqrqgwwdu.cloudfront.net/a13c57d5-6e01-4d89-9d98-4129beb857af/f8860ac8-495e-49d8-91b8-087b6b4d5d7f-MxM.webp",
              "index": 1,
              "quickAdd": false,
              "metadataHolder": {
                "calories": 0,
                "caloriesBurnRate": null,
                "allergenIds": [],
                "tagTypesIds": [],
                "nutritionFactsIds": []
              },
              "tags": [],
              "allergens": [],
              "nutritionFacts": []
            },
            {
              "itemId": "3060298",
              "itemName": "Biggie Box- Double Stack Beef - بيجي بوكس - دبل تشيز برجر",
              "description": "Crispy Chicken and 4ps Nuggets with Reg Fries & Reg Drink\nدبل تشيز برجر مع 4 قطع ناجتس مع بطاطس مقلية حجم عادي ومشروب حجم عادي\n",
              "price": 27,
              "originalPrice": 27,
              "isHaveValidDiscount": false,
              "image": "https://d2sdbeqrqgwwdu.cloudfront.net/a13c57d5-6e01-4d89-9d98-4129beb857af/c0d7064a-6a16-4588-b2fa-8ab1e8a6244b-MxM.webp",
              "index": 2,
              "quickAdd": false,
              "metadataHolder": {
                "calories": 0,
                "caloriesBurnRate": null,
                "allergenIds": [],
                "tagTypesIds": [],
                "nutritionFactsIds": []
              },
              "tags": [],
              "allergens": [],
              "nutritionFacts": []
            },
            {
              "itemId": "3060301",
              "itemName": "Biggie Box- Double Stack Chicken - بيجي بوكس - دبل كرسبي ",
              "description": "Crispy Chicken and 4ps Nuggets with Reg Fries & Reg Drink\nدبل دجاج كرسبي مع 4 قطع ناجتس مع بطاطس مقلية حجم عادي ومشروب حجم عادي\n",
              "price": 27,
              "originalPrice": 27,
              "isHaveValidDiscount": false,
              "image": "https://d2sdbeqrqgwwdu.cloudfront.net/a13c57d5-6e01-4d89-9d98-4129beb857af/36c0b635-d9e4-4a9b-8c02-6b1fd20e5983-MxM.webp",
              "index": 3,
              "quickAdd": false,
              "metadataHolder": {
                "calories": 0,
                "caloriesBurnRate": null,
                "allergenIds": [],
                "tagTypesIds": [],
                "nutritionFactsIds": []
              },
              "tags": [],
              "allergens": [],
              "nutritionFacts": []
            },
            {
              "itemId": "3060294",
              "itemName": "Biggie Box-Crispy Chicken - بيجي بوكس - دجاج كرسبي",
              "description": "Crispy Chicken and 4ps Nuggets with Reg Fries & Reg Drink\nدجاج كرسبي مع 4 قطع ناجتس مع بطاطس مقلية حجم عادي ومشروب حجم عادي\n",
              "price": 22,
              "originalPrice": 22,
              "isHaveValidDiscount": false,
              "image": "https://d2sdbeqrqgwwdu.cloudfront.net/a13c57d5-6e01-4d89-9d98-4129beb857af/04bc76bd-ad73-43f3-83d1-9a02bae7efd1-MxM.webp",
              "index": 6389899,
              "quickAdd": false,
              "metadataHolder": {
                "calories": 0,
                "caloriesBurnRate": null,
                "allergenIds": [],
                "tagTypesIds": [],
                "nutritionFactsIds": []
              },
              "tags": [],
              "allergens": [],
              "nutritionFacts": []
            }
          ]
        },
        {
          "categoryId": "295944",
          "categoryName": "عروض المشاركة​",
          "categoryIndex": 6,
          "products": [
            {
              "itemId": "2752657",
              "itemName": "Sharing Meal For 3 - عرض المشاركة لثلاثة أشخاص سعره 5507 ",
              "description": "1 Dave's Single Burger, 1 Spicy or Classic Chicken Sandwich, 1 kids meal of your choice, 2 small French fries and 2 Pepsi cans. - 1 برجر دايفز سنجل، 1 برجر دجاج عادي أو حار، 1 وجبة أطفال، 2 بطاطس صغير وعلبتين بيبسي",
              "price": 67,
              "originalPrice": 67,
              "isHaveValidDiscount": false,
              "image": "https://d2sdbeqrqgwwdu.cloudfront.net/a13c57d5-6e01-4d89-9d98-4129beb857af/ea9e6165-cf2b-4801-b258-425011f3563d-LxL.webp",
              "index": 0,
              "quickAdd": false,
              "metadataHolder": {
                "calories": 5507,
                "caloriesBurnRate": null,
                "allergenIds": [],
                "tagTypesIds": [],
                "nutritionFactsIds": []
              },
              "tags": [],
              "allergens": [],
              "nutritionFacts": []
            },
            {
              "itemId": "2752658",
              "itemName": "Sharing Meal For 4 - عرض المشاركة لأربعة أشخاص سعره 5570 ",
              "description": "1 Dave's Single Burger, 1 Spicy or Classic Chicken Sandwich, 3 kids meals of your choice, 2 small French fries and 2 Pepsi cans. - 1 برجر دايفز سنجل، 1 برجر دجاج حار أو عادي، 2 وجبة أطفال، 2 بطاطس صغير وعلبتين بيبسي",
              "price": 84,
              "originalPrice": 84,
              "isHaveValidDiscount": false,
              "image": "https://d2sdbeqrqgwwdu.cloudfront.net/a13c57d5-6e01-4d89-9d98-4129beb857af/e3630602-aeb0-4f9f-9077-0277c0a80135-LxL.webp",
              "index": 1,
              "quickAdd": false,
              "metadataHolder": {
                "calories": 5570,
                "caloriesBurnRate": null,
                "allergenIds": [],
                "tagTypesIds": [],
                "nutritionFactsIds": []
              },
              "tags": [],
              "allergens": [],
              "nutritionFacts": []
            },
            {
              "itemId": "2752660",
              "itemName": "Sharing Meal For 6 - عرض المشاركة لستة أشخاص سعره 7802 ",
              "description": "2 Dave's Single Burgers, 2 Spicy or Classic Chicken Sandwiches, 2 kids meals of your choice, 4 small French fries and 4 Pepsi cans. - 2 برجر دايفز سنجل، 2 برجر دجاج حار او عادي، 2 وجبة أطفال، 4 بطاطس صغير و 4 علبة بيبسي",
              "price": 118,
              "originalPrice": 118,
              "isHaveValidDiscount": false,
              "image": "https://d2sdbeqrqgwwdu.cloudfront.net/a13c57d5-6e01-4d89-9d98-4129beb857af/2d2f2eb9-f458-486c-bb58-4ef6be9cb308-LxL.webp",
              "index": 3,
              "quickAdd": false,
              "metadataHolder": {
                "calories": 7802,
                "caloriesBurnRate": null,
                "allergenIds": [],
                "tagTypesIds": [],
                "nutritionFactsIds": []
              },
              "tags": [],
              "allergens": [],
              "nutritionFacts": []
            }
          ]
        },
        {
          "categoryId": "295920",
          "categoryName": "وجبات الأطفال​",
          "categoryIndex": 7,
          "products": [
            {
              "itemId": "2752440",
              "itemName": "Kid's Nuggets Meal - وجبة أطفال - دجاج ناجتس سعره 137 ",
              "description": "Four all-white meat nuggets served with a sauce, French fries and a choice of drink.  - دجاج ناجتس يقدم مع صوص. مع بطاطس ومشروب.",
              "price": 23,
              "originalPrice": 23,
              "isHaveValidDiscount": false,
              "image": "https://d2sdbeqrqgwwdu.cloudfront.net/a13c57d5-6e01-4d89-9d98-4129beb857af/26948070-21a9-40c2-bb23-38faaee6b4bb-LxL.webp",
              "index": 0,
              "quickAdd": false,
              "metadataHolder": {
                "calories": 137,
                "caloriesBurnRate": null,
                "allergenIds": [],
                "tagTypesIds": [],
                "nutritionFactsIds": []
              },
              "tags": [],
              "allergens": [],
              "nutritionFacts": []
            },
            {
              "itemId": "2752439",
              "itemName": "Kid's Chicken Burger Meal - وجبة أطفال - برجر دجاج سعره 311 ",
              "description": "Breaded chicken patty with crisp lettuce & creamy mayo on a toasted bun, served with French fries and choice of your drink. - برجر دجاج. مع الخس  والمايونيز. تقدم مع بطاطس ومشروب",
              "price": 23,
              "originalPrice": 23,
              "isHaveValidDiscount": false,
              "image": "https://d2sdbeqrqgwwdu.cloudfront.net/a13c57d5-6e01-4d89-9d98-4129beb857af/67d0c21a-9e5c-4773-8453-29958616afc8-LxL.webp",
              "index": 1,
              "quickAdd": false,
              "metadataHolder": {
                "calories": 311,
                "caloriesBurnRate": null,
                "allergenIds": [],
                "tagTypesIds": [],
                "nutritionFactsIds": []
              },
              "tags": [],
              "allergens": [],
              "nutritionFacts": []
            },
            {
              "itemId": "2752437",
              "itemName": "Kid's Cheeseburger Meal - وجبة أطفال - برجر لحم بالجبن سعره 365 ",
              "description": "Cheeseburger, reguar fries and a choice of regular soft drink or bottled juice.\n  - برجر لحم طازج بالجبن. تقدم مع بطاطس ومشروب",
              "price": 23,
              "originalPrice": 23,
              "isHaveValidDiscount": false,
              "image": "https://d2sdbeqrqgwwdu.cloudfront.net/a13c57d5-6e01-4d89-9d98-4129beb857af/c5b58b5a-9be4-47e9-8156-bc1e6bd9b60b-LxL.webp",
              "index": 2,
              "quickAdd": false,
              "metadataHolder": {
                "calories": 365,
                "caloriesBurnRate": null,
                "allergenIds": [],
                "tagTypesIds": [],
                "nutritionFactsIds": []
              },
              "tags": [],
              "allergens": [],
              "nutritionFacts": []
            },
            {
              "itemId": "2752438",
              "itemName": "Kid's Beef Burger Meal - وجبة أطفال -  برجر لحم  سعره 317 ",
              "description": "100% Pure Beef Burger, with reguar fries and a choice of regular soft drink or bottled juice.  - وجبة برجر لحم للأطفال - وجبة برجر لحم للأطفال",
              "price": 23,
              "originalPrice": 23,
              "isHaveValidDiscount": false,
              "image": "https://d2sdbeqrqgwwdu.cloudfront.net/a13c57d5-6e01-4d89-9d98-4129beb857af/0b23744f-9154-4670-a195-cbb4bcca4c88-LxL.webp",
              "index": 3,
              "quickAdd": false,
              "metadataHolder": {
                "calories": 317,
                "caloriesBurnRate": null,
                "allergenIds": [],
                "tagTypesIds": [],
                "nutritionFactsIds": []
              },
              "tags": [],
              "allergens": [],
              "nutritionFacts": []
            }
          ]
        },
        {
          "categoryId": "295927",
          "categoryName": "الطلبات الجانبيه​",
          "categoryIndex": 8,
          "products": [
            {
              "itemId": "2752498",
              "itemName": "Natural Cut Fries - بطاطس سعره 264 ",
              "description": "Naturally-cut from whole potatoes, cooked skin-on with a sprinkle of sea salt. - بطاطس طازج مقطع بالقشر تقدم ساخنة مقرمشة مع رشة ملح البحر لطعم ألذ.",
              "price": 9,
              "originalPrice": 9,
              "isHaveValidDiscount": false,
              "image": "https://d2sdbeqrqgwwdu.cloudfront.net/a13c57d5-6e01-4d89-9d98-4129beb857af/e499f7d4-43ba-48a4-9f73-1da451f876db-LxL.webp",
              "index": 0,
              "quickAdd": false,
              "metadataHolder": {
                "calories": 264,
                "caloriesBurnRate": null,
                "allergenIds": [],
                "tagTypesIds": [],
                "nutritionFactsIds": []
              },
              "tags": [],
              "allergens": [],
              "nutritionFacts": []
            },
            {
              "itemId": "2752499",
              "itemName": "Cheese Fries - بطاطس بالجبن سعره 516 ",
              "description": "French Fries drizzled with cheese sauce. - بطاطس مقلي مع صوص الجبنة.",
              "price": 11,
              "originalPrice": 11,
              "isHaveValidDiscount": false,
              "image": "https://d2sdbeqrqgwwdu.cloudfront.net/a13c57d5-6e01-4d89-9d98-4129beb857af/112718c7-7594-4735-a381-6e3b4d490cd7-LxL.webp",
              "index": 1,
              "quickAdd": false,
              "metadataHolder": {
                "calories": 516,
                "caloriesBurnRate": null,
                "allergenIds": [],
                "tagTypesIds": [],
                "nutritionFactsIds": []
              },
              "tags": [],
              "allergens": [],
              "nutritionFacts": []
            },
            {
              "itemId": "2752496",
              "itemName": "Chili Cheese Nuggets - تشيلي تشيز ناجتس سعره 276 ",
              "description": "5 Pieces of Crispy golden fried cheese and jalapeno nuggets. - 5 قطع تشيلي تشيز ناجتس بالهالابينو.",
              "price": 12,
              "originalPrice": 12,
              "isHaveValidDiscount": false,
              "image": "https://d2sdbeqrqgwwdu.cloudfront.net/a13c57d5-6e01-4d89-9d98-4129beb857af/926efea5-f986-44ad-b752-b45dde73073a-LxL.webp",
              "index": 3,
              "quickAdd": false,
              "metadataHolder": {
                "calories": 276,
                "caloriesBurnRate": null,
                "allergenIds": [],
                "tagTypesIds": [],
                "nutritionFactsIds": []
              },
              "tags": [],
              "allergens": [],
              "nutritionFacts": []
            },
            {
              "itemId": "2752264",
              "itemName": "Chicken Tenders - دجاج تندر سعره 346 ",
              "description": "3 Pieces of all-white chicken breast tenders, lightly breaded, served with a sauce. - 3 قطع صدور دجاج تندر مقرمش. تقدم مع صوص. - 3 قطع صدور دجاج تندر مقرمش. تقدم مع صوص.",
              "price": 21,
              "originalPrice": 21,
              "isHaveValidDiscount": false,
              "image": "https://d2sdbeqrqgwwdu.cloudfront.net/a13c57d5-6e01-4d89-9d98-4129beb857af/f666f68b-7dfe-419d-ad41-8e453b293420-LxL.webp",
              "index": 4,
              "quickAdd": false,
              "metadataHolder": {
                "calories": 346,
                "caloriesBurnRate": null,
                "allergenIds": [],
                "tagTypesIds": [],
                "nutritionFactsIds": []
              },
              "tags": [],
              "allergens": [],
              "nutritionFacts": []
            },
            {
              "itemId": "2752265",
              "itemName": "Boneless Wings - اجنحة دجاج بدون عظم سعره 264 ",
              "description": "Lightly breaded pieces of juicy all-white chicken breast wings, served with a sauce. - اجنحة الدجاج اللذيذة, منزوعة العظم. تقدم مع صوص. - اجنحة الدجاج اللذيذة, منزوعة العظم. تقدم مع صوص.",
              "price": 20,
              "originalPrice": 20,
              "isHaveValidDiscount": false,
              "image": "https://d2sdbeqrqgwwdu.cloudfront.net/a13c57d5-6e01-4d89-9d98-4129beb857af/a171c62e-e8b6-4784-9d1c-524dc56e117b-LxL.webp",
              "index": 5,
              "quickAdd": false,
              "metadataHolder": {
                "calories": 264,
                "caloriesBurnRate": null,
                "allergenIds": [],
                "tagTypesIds": [],
                "nutritionFactsIds": []
              },
              "tags": [],
              "allergens": [],
              "nutritionFacts": []
            },
            {
              "itemId": "2752268",
              "itemName": "Chicken Nuggets - ناجتس الدجاج سعره 192 ",
              "description": "all lightly breaded Chicken Nuggets with BBQ sauce dip -  أصابع الدجاج المغطاة بالقليل من البقسماط مع صلصة الباربيكيو للغمس.",
              "price": 12,
              "originalPrice": 12,
              "isHaveValidDiscount": false,
              "image": "https://d2sdbeqrqgwwdu.cloudfront.net/a13c57d5-6e01-4d89-9d98-4129beb857af/5031e5a3-1bda-4e60-9010-ae9a4735fdb8-LxL.webp",
              "index": 6,
              "quickAdd": false,
              "metadataHolder": {
                "calories": 192,
                "caloriesBurnRate": null,
                "allergenIds": [],
                "tagTypesIds": [],
                "nutritionFactsIds": []
              },
              "tags": [],
              "allergens": [],
              "nutritionFacts": []
            },
            {
              "itemId": "2752426",
              "itemName": "BBQ Sauce - باربيكيو صوص  سعره 59 ",
              "description": null,
              "price": 2,
              "originalPrice": 2,
              "isHaveValidDiscount": false,
              "image": "https://d2sdbeqrqgwwdu.cloudfront.net/a13c57d5-6e01-4d89-9d98-4129beb857af/08aab76c-d09d-428c-a996-c431b2a72260-LxL.webp",
              "index": 7,
              "quickAdd": false,
              "metadataHolder": {
                "calories": 59,
                "caloriesBurnRate": null,
                "allergenIds": [],
                "tagTypesIds": [],
                "nutritionFactsIds": []
              },
              "tags": [],
              "allergens": [],
              "nutritionFacts": []
            },
            {
              "itemId": "2752428",
              "itemName": "Mayo - مايونيز سعره 128 ",
              "description": null,
              "price": 2,
              "originalPrice": 2,
              "isHaveValidDiscount": false,
              "image": "https://d2sdbeqrqgwwdu.cloudfront.net/a13c57d5-6e01-4d89-9d98-4129beb857af/be1a96e8-aa33-42e0-ae1c-d61c35c3b89c-LxL.webp",
              "index": 8,
              "quickAdd": false,
              "metadataHolder": {
                "calories": 128,
                "caloriesBurnRate": null,
                "allergenIds": [],
                "tagTypesIds": [],
                "nutritionFactsIds": []
              },
              "tags": [],
              "allergens": [],
              "nutritionFacts": []
            },
            {
              "itemId": "2752429",
              "itemName": "Cheese Sauce - صوص الجبنة سعره 48 ",
              "description": null,
              "price": 2,
              "originalPrice": 2,
              "isHaveValidDiscount": false,
              "image": "https://d2sdbeqrqgwwdu.cloudfront.net/a13c57d5-6e01-4d89-9d98-4129beb857af/3ee31f41-4ae4-4e70-aaca-92f037e3c81a-LxL.webp",
              "index": 9,
              "quickAdd": false,
              "metadataHolder": {
                "calories": 48,
                "caloriesBurnRate": null,
                "allergenIds": [],
                "tagTypesIds": [],
                "nutritionFactsIds": []
              },
              "tags": [],
              "allergens": [],
              "nutritionFacts": []
            }
          ]
        },
        {
          "categoryId": "295919",
          "categoryName": "الحلويات​",
          "categoryIndex": 9,
          "products": [
            {
              "itemId": "2752225",
              "itemName": "Chocolate Frosty-Ccino  - شوكولاتة فروستيشينو سعره 410 ",
              "description": "Smooth espresso coffee, swirled with our legendary  chocolate frosty mix and served over ice. - قهوة اسبريسو، مخلوطة بمزيج الشوكولاتة المثلج الأسطوري الفريد لدينا وتقدم مع الثلج",
              "price": 12,
              "originalPrice": 12,
              "isHaveValidDiscount": false,
              "image": "https://d2sdbeqrqgwwdu.cloudfront.net/a13c57d5-6e01-4d89-9d98-4129beb857af/e9e1695d-2066-4842-b556-7879765324e8-LxL.webp",
              "index": 0,
              "quickAdd": false,
              "metadataHolder": {
                "calories": 410,
                "caloriesBurnRate": null,
                "allergenIds": [],
                "tagTypesIds": [],
                "nutritionFactsIds": []
              },
              "tags": [],
              "allergens": [],
              "nutritionFacts": []
            },
            {
              "itemId": "2752226",
              "itemName": "Vanilla Frosty-Ccino - فانيلا فروستيشينو سعره 416 ",
              "description": "Smooth espresso coffee, swirled with legendary vanilla frosty mix and served over ice.  -  قهوة اسبريسو، مخلوطة بمزيج الفانيليا المثلج الأسطوري الفريد لدينا وتقدم مع الثلج.",
              "price": 12,
              "originalPrice": 12,
              "isHaveValidDiscount": false,
              "image": "https://d2sdbeqrqgwwdu.cloudfront.net/a13c57d5-6e01-4d89-9d98-4129beb857af/c996c887-fc7c-4083-bca3-308e38f56c3c-LxL.webp",
              "index": 1,
              "quickAdd": false,
              "metadataHolder": {
                "calories": 416,
                "caloriesBurnRate": null,
                "allergenIds": [],
                "tagTypesIds": [],
                "nutritionFactsIds": []
              },
              "tags": [],
              "allergens": [],
              "nutritionFacts": []
            },
            {
              "itemId": "2752433",
              "itemName": "Frosty - فروستي سعره 178 ",
              "description": "Cool, creamy and refreshing ice cream. - بارد، كثيف، منعش. مصنوع من الحليب الطازج، لا شيء يسعد كهذا الفروستي الكلاسيكي من ونديز.",
              "price": 8,
              "originalPrice": 8,
              "isHaveValidDiscount": false,
              "image": "https://d2sdbeqrqgwwdu.cloudfront.net/a13c57d5-6e01-4d89-9d98-4129beb857af/60d73793-2d5e-4edf-95c3-51871cbc7e80-LxL.webp",
              "index": 5,
              "quickAdd": false,
              "metadataHolder": {
                "calories": 178,
                "caloriesBurnRate": null,
                "allergenIds": [],
                "tagTypesIds": [],
                "nutritionFactsIds": []
              },
              "tags": [],
              "allergens": [],
              "nutritionFacts": []
            },
            {
              "itemId": "2752434",
              "itemName": "M&M's Frosty Ice Cream - ام اند امز فروستي آيس كريم سعره 293 ",
              "description": "Vanilla or Chocolate Frosty ice cream blended with chocolate M&Ms.  - ايس كريم فانيلا او شوكولاتة. مع شوكولاتة إم اند إمز.",
              "price": 15,
              "originalPrice": 15,
              "isHaveValidDiscount": false,
              "image": "https://d2sdbeqrqgwwdu.cloudfront.net/a13c57d5-6e01-4d89-9d98-4129beb857af/79d117cd-b243-468b-abfd-93036a54f27c-LxL.webp",
              "index": 6,
              "quickAdd": false,
              "metadataHolder": {
                "calories": 293,
                "caloriesBurnRate": null,
                "allergenIds": [],
                "tagTypesIds": [],
                "nutritionFactsIds": []
              },
              "tags": [],
              "allergens": [],
              "nutritionFacts": []
            }
          ]
        },
        {
          "categoryId": "295886",
          "categoryName": "المشروبات​",
          "categoryIndex": 10,
          "products": [
            {
              "itemId": "2752230",
              "itemName": "Pepsi - بيبسي",
              "description": null,
              "price": 6,
              "originalPrice": 6,
              "isHaveValidDiscount": false,
              "image": "https://d2sdbeqrqgwwdu.cloudfront.net/a13c57d5-6e01-4d89-9d98-4129beb857af/0bd78b78-e7ba-40c6-bb84-faf59fcc3464-LxL.webp",
              "index": 0,
              "quickAdd": false,
              "metadataHolder": {
                "calories": 0,
                "caloriesBurnRate": null,
                "allergenIds": [],
                "tagTypesIds": [],
                "nutritionFactsIds": []
              },
              "tags": [],
              "allergens": [],
              "nutritionFacts": []
            },
            {
              "itemId": "2752234",
              "itemName": "Mountain Dew - ماونتن ديو سعره 65 ",
              "description": null,
              "price": 6,
              "originalPrice": 6,
              "isHaveValidDiscount": false,
              "image": "https://d2sdbeqrqgwwdu.cloudfront.net/a13c57d5-6e01-4d89-9d98-4129beb857af/82ffd79c-7707-4681-be36-2773f5ab21cd-LxL.webp",
              "index": 2,
              "quickAdd": false,
              "metadataHolder": {
                "calories": 65,
                "caloriesBurnRate": null,
                "allergenIds": [],
                "tagTypesIds": [],
                "nutritionFactsIds": []
              },
              "tags": [],
              "allergens": [],
              "nutritionFacts": []
            },
            {
              "itemId": "2752233",
              "itemName": "7 Up - سفن آب سعره 158 ",
              "description": null,
              "price": 6,
              "originalPrice": 6,
              "isHaveValidDiscount": false,
              "image": "https://d2sdbeqrqgwwdu.cloudfront.net/a13c57d5-6e01-4d89-9d98-4129beb857af/1da2787c-bced-4f38-86a3-70c40d996e3c-LxL.webp",
              "index": 3,
              "quickAdd": false,
              "metadataHolder": {
                "calories": 158,
                "caloriesBurnRate": null,
                "allergenIds": [],
                "tagTypesIds": [],
                "nutritionFactsIds": []
              },
              "tags": [],
              "allergens": [],
              "nutritionFacts": []
            },
            {
              "itemId": "2752232",
              "itemName": "Mirinda - ميراندا سعره 191 ",
              "description": null,
              "price": 6,
              "originalPrice": 6,
              "isHaveValidDiscount": false,
              "image": "https://d2sdbeqrqgwwdu.cloudfront.net/a13c57d5-6e01-4d89-9d98-4129beb857af/76a2ea10-0be9-4c8c-a5fb-a43c0fdf7975-LxL.webp",
              "index": 4,
              "quickAdd": false,
              "metadataHolder": {
                "calories": 191,
                "caloriesBurnRate": null,
                "allergenIds": [],
                "tagTypesIds": [],
                "nutritionFactsIds": []
              },
              "tags": [],
              "allergens": [],
              "nutritionFacts": []
            },
            {
              "itemId": "2752235",
              "itemName": "Lipton Iced Tea Prach flavor - شاي ليبتون المثلج بنكهة الخوخ سعره 68 ",
              "description": null,
              "price": 6,
              "originalPrice": 6,
              "isHaveValidDiscount": false,
              "image": "https://d2sdbeqrqgwwdu.cloudfront.net/a13c57d5-6e01-4d89-9d98-4129beb857af/74049206-1971-43a9-9c54-4afb92cec9a1-LxL.webp",
              "index": 5,
              "quickAdd": false,
              "metadataHolder": {
                "calories": 68,
                "caloriesBurnRate": null,
                "allergenIds": [],
                "tagTypesIds": [],
                "nutritionFactsIds": []
              },
              "tags": [],
              "allergens": [],
              "nutritionFacts": []
            },
            {
              "itemId": "2752228",
              "itemName": "Orange Juice - عصير برتقال سعره 103 ",
              "description": "Tangy citrus flavor, packed with Vitamin C. - مصنوعة لالتقاط كل الحلاوة الطبيعية\nونكهة الحمضيات المنعشة. غني بفيتامين C، وهو مثالي لإرواء العطش وإضافة صحية لنظامك الغذائي اليومي.",
              "price": 4,
              "originalPrice": 4,
              "isHaveValidDiscount": false,
              "image": "https://d2sdbeqrqgwwdu.cloudfront.net/a13c57d5-6e01-4d89-9d98-4129beb857af/99f74391-34d9-4458-bec2-d4a45272b4ae-LxL.webp",
              "index": 6,
              "quickAdd": false,
              "metadataHolder": {
                "calories": 103,
                "caloriesBurnRate": null,
                "allergenIds": [],
                "tagTypesIds": [],
                "nutritionFactsIds": []
              },
              "tags": [],
              "allergens": [],
              "nutritionFacts": []
            },
            {
              "itemId": "2752229",
              "itemName": "Apple Juice - عصير تفاح سعره 106 ",
              "description": "Made with a blend of juicy apples. - عصير التفاح",
              "price": 4,
              "originalPrice": 4,
              "isHaveValidDiscount": false,
              "image": "https://d2sdbeqrqgwwdu.cloudfront.net/a13c57d5-6e01-4d89-9d98-4129beb857af/f6fa21ff-1272-4209-aa74-fc4b77e9c551-LxL.webp",
              "index": 7,
              "quickAdd": false,
              "metadataHolder": {
                "calories": 106,
                "caloriesBurnRate": null,
                "allergenIds": [],
                "tagTypesIds": [],
                "nutritionFactsIds": []
              },
              "tags": [],
              "allergens": [],
              "nutritionFacts": []
            },
            {
              "itemId": "2752236",
              "itemName": "Bottled Water - ماء",
              "description": null,
              "price": 2,
              "originalPrice": 2,
              "isHaveValidDiscount": false,
              "image": "https://d2sdbeqrqgwwdu.cloudfront.net/a13c57d5-6e01-4d89-9d98-4129beb857af/cd8bfd66-87d2-4ec6-8596-eaccb5a5c563-LxL.webp",
              "index": 8,
              "quickAdd": false,
              "metadataHolder": {
                "calories": 0,
                "caloriesBurnRate": null,
                "allergenIds": [],
                "tagTypesIds": [],
                "nutritionFactsIds": []
              },
              "tags": [],
              "allergens": [],
              "nutritionFacts": []
            },
            {
              "itemId": "2752220",
              "itemName": "Americano - امريكانو سعره 2 ",
              "description": "Made with freshly brewed espresso, the strong & robust taste. -  مصنوع من الإسبريسو الطازج ، وهو الخيار الأمثل لمحبي القهوة الذين يفضلونها بطعماً ومذاقاً قوي.",
              "price": 9,
              "originalPrice": 9,
              "isHaveValidDiscount": false,
              "image": "https://d2sdbeqrqgwwdu.cloudfront.net/a13c57d5-6e01-4d89-9d98-4129beb857af/f5da99f7-1093-4cd4-9784-14f7e5a17368-LxL.webp",
              "index": 9,
              "quickAdd": false,
              "metadataHolder": {
                "calories": 2,
                "caloriesBurnRate": null,
                "allergenIds": [],
                "tagTypesIds": [],
                "nutritionFactsIds": []
              },
              "tags": [],
              "allergens": [],
              "nutritionFacts": []
            },
            {
              "itemId": "2752221",
              "itemName": "Cappuccino - كابتشينو سعره 123 ",
              "description": "Made with espresso & steamed milk creating rich,  velvety taste. - مزيج من الإسبريسو والحليب المبخر لخلق طعم مخملي غني. ",
              "price": 12,
              "originalPrice": 12,
              "isHaveValidDiscount": false,
              "image": "https://d2sdbeqrqgwwdu.cloudfront.net/a13c57d5-6e01-4d89-9d98-4129beb857af/cee495e3-6cc2-4c50-94f5-574e55c8cec3-LxL.webp",
              "index": 4498767,
              "quickAdd": false,
              "metadataHolder": {
                "calories": 123,
                "caloriesBurnRate": null,
                "allergenIds": [],
                "tagTypesIds": [],
                "nutritionFactsIds": []
              },
              "tags": [],
              "allergens": [],
              "nutritionFacts": []
            },
            {
              "itemId": "2752224",
              "itemName": "Latte Macchiato   - لاتيه ماكياتو سعره 183 ",
              "description": "A mix of espresso and steamed milk creating rich and smooth macchiato taste. - مزيج من الإسبريسو والحليب المبخر الذي يخلق طعم ماكياتو غني وناعم",
              "price": 13,
              "originalPrice": 13,
              "isHaveValidDiscount": false,
              "image": "https://d2sdbeqrqgwwdu.cloudfront.net/a13c57d5-6e01-4d89-9d98-4129beb857af/137c75a3-be25-404f-b620-ddd6ee908ca4-LxL.webp",
              "index": 4498768,
              "quickAdd": false,
              "metadataHolder": {
                "calories": 183,
                "caloriesBurnRate": null,
                "allergenIds": [],
                "tagTypesIds": [],
                "nutritionFactsIds": []
              },
              "tags": [],
              "allergens": [],
              "nutritionFacts": []
            },
            {
              "itemId": "2752222",
              "itemName": "Double Espresso - دبل اسبريسو سعره 3 ",
              "description": "Bold, rich flavor of Double Espresso. - استيقظ على النكهة الجريئة والغنية للإسبريسو المضاعف، المصنوع من حبوب أرابيكا المختارة يدويًا لتقديم تجربة قهوة مركزة ومرضية",
              "price": 12,
              "originalPrice": 12,
              "isHaveValidDiscount": false,
              "image": "https://d2sdbeqrqgwwdu.cloudfront.net/a13c57d5-6e01-4d89-9d98-4129beb857af/357ab0b9-d40d-4897-a15b-2432f7c33d9b-LxL.webp",
              "index": 4498769,
              "quickAdd": false,
              "metadataHolder": {
                "calories": 3,
                "caloriesBurnRate": null,
                "allergenIds": [],
                "tagTypesIds": [],
                "nutritionFactsIds": []
              },
              "tags": [],
              "allergens": [],
              "nutritionFacts": []
            },
            {
              "itemId": "2752223",
              "itemName": "Espresso   - اسبريسو سعره 2 ",
              "description": "Bold & intense flavor of freshly  brewed expresso. - جرب النكهة الجريئة والمكثفة للإسبريسو الطازج. ",
              "price": 8,
              "originalPrice": 8,
              "isHaveValidDiscount": false,
              "image": "https://d2sdbeqrqgwwdu.cloudfront.net/a13c57d5-6e01-4d89-9d98-4129beb857af/3aaf320e-3c4a-49fe-8813-9b5509d1932d-LxL.webp",
              "index": 4498770,
              "quickAdd": false,
              "metadataHolder": {
                "calories": 2,
                "caloriesBurnRate": null,
                "allergenIds": [],
                "tagTypesIds": [],
                "nutritionFactsIds": []
              },
              "tags": [],
              "allergens": [],
              "nutritionFacts": []
            }
          ]
        }
      ]
    },
    "statusCode": 200,
    "message": null
  }
}